CO2 mean,DATE_TIME initial_value,LABEL,SWC_2 mean,FCO2_DRY,TS_2 mean,TA mean
449.260000,2024/03/25 11:34:25,1,0.247000,0.367630,15.950000,14.172310
443.280000,2024/03/25 11:35:50,1,0.253000,1.110330,16.000000,14.563880
446.760000,2024/03/25 11:37:15,1,0.252400,0.473130,16.000000,14.035080
446.900000,2024/03/25 11:40:06,2,0.285730,0.856610,15.800000,14.878670
448.230000,2024/03/25 11:41:31,2,0.293100,0.775540,15.800000,15.823930
447.780000,2024/03/25 11:42:56,2,0.295000,0.913050,15.853330,16.134160
453.330000,2024/03/25 11:45:13,3,0.230970,1.251110,16.170000,15.808370
454.170000,2024/03/25 11:46:38,3,0.235970,1.263700,16.496670,15.622700
454.100000,2024/03/25 11:48:03,3,0.240200,1.259760,16.700000,15.334760
448.260000,2024/03/25 11:51:17,4,0.158330,0.793300,16.926670,16.103690
446.410000,2024/03/25 11:52:43,4,0.255000,0.783720,17.310000,16.465050
449.120000,2024/03/25 11:54:08,4,0.255930,0.894770,17.500000,15.772820
448.050000,2024/03/25 11:57:03,OC1,0.254680,0.591050,17.576670,16.224530
448.690000,2024/03/25 11:58:28,OC1,0.260630,0.541860,17.700000,16.235560
449.020000,2024/03/25 11:59:54,OC1,0.262930,0.560930,17.700000,15.695150
451.960000,2024/03/25 12:02:05,5,0.255080,1.085580,17.700000,14.648930
450.960000,2024/03/25 12:03:30,5,0.254670,0.966280,17.533330,15.088080
450.760000,2024/03/25 12:04:56,5,0.257000,1.071180,17.500000,14.497900
449.640000,2024/03/25 12:08:05,6,0.264570,0.827350,17.243330,15.377300
449.800000,2024/03/25 12:09:31,6,0.267400,0.726440,17.300000,15.116770
450.030000,2024/03/25 12:10:57,6,0.267600,0.740890,17.360000,15.833880
451.350000,2024/03/25 12:13:11,7,0.137950,0.908600,17.603330,15.811200
450.850000,2024/03/25 12:14:36,7,0.270730,0.926040,17.886670,15.831320
451.310000,2024/03/25 12:16:02,7,0.274370,0.895850,17.963330,15.520600
449.530000,2024/03/25 12:19:04,8,0.245830,0.699780,17.416670,13.811750
450.030000,2024/03/25 12:20:29,8,0.244500,0.781610,17.300000,14.391850
450.190000,2024/03/25 12:21:55,8,0.249200,0.689240,17.200000,14.072580
445.240000,2024/03/25 12:24:24,9,0.072600,0.759430,17.000000,15.653520
447.510000,2024/03/25 12:25:50,9,0.078330,0.743700,17.033330,15.923050
450.330000,2024/03/25 12:27:15,9,0.072670,0.739920,17.200000,15.144570
456.520000,2024/03/25 12:30:08,OC2,0.103480,1.609490,17.096670,14.822660
457.160000,2024/03/25 12:31:33,OC2,0.104000,1.615540,17.290000,15.142770
455.890000,2024/03/25 12:32:59,OC2,0.101330,1.791040,17.366670,15.828960
450.790000,2024/03/25 12:34:59,10,0.264000,0.774170,17.433330,14.006220
450.910000,2024/03/25 12:36:25,10,0.269500,0.794000,17.075000,13.919250
450.140000,2024/03/25 12:37:50,10,0.269000,0.897960,16.783330,13.921590
450.950000,2024/03/25 12:40:47,11,0.210470,1.128680,16.326670,14.826120
451.000000,2024/03/25 12:42:13,11,0.209750,0.905040,16.500000,15.514510
450.680000,2024/03/25 12:43:39,11,0.208000,1.187920,16.500000,15.661690
447.290000,2024/03/25 12:45:50,12,0.293170,0.612840,16.533330,16.109980
448.460000,2024/03/25 12:47:15,12,0.294580,0.673440,16.700000,14.701820
447.790000,2024/03/25 12:48:40,12,0.296980,0.542820,16.496670,14.420410
450.890000,2024/03/25 12:51:53,13,0.142400,1.023390,16.046670,14.248180
450.800000,2024/03/25 12:53:18,13,0.145700,0.952440,16.265000,14.994490
450.310000,2024/03/25 12:54:44,13,0.145200,0.998400,16.706670,15.401160
449.790000,2024/03/25 13:03:27,14,0.223480,0.591890,16.456670,15.577790
449.350000,2024/03/25 13:04:53,14,0.230430,0.654330,16.843330,16.037700
449.560000,2024/03/25 13:06:18,14,0.231370,0.726060,17.316670,16.376570
450.310000,2024/03/25 13:09:06,15,0.287350,0.840080,17.680000,16.082250
451.090000,2024/03/25 13:10:31,15,0.291600,0.655010,17.986670,16.957930
450.090000,2024/03/25 13:11:56,15,0.294850,0.786550,18.256670,16.849410
452.430000,2024/03/25 13:14:07,16,0.226730,0.986300,18.740000,17.461490
451.330000,2024/03/25 13:15:33,16,0.230120,0.934860,19.076670,18.057320
449.890000,2024/03/25 13:16:58,16,0.232400,1.068570,19.360000,17.937490
454.820000,2024/03/25 13:20:31,17,0.226100,1.592600,19.670000,18.865210
453.790000,2024/03/25 13:21:56,17,0.266850,1.577300,20.013330,19.131530
452.410000,2024/03/25 13:23:22,17,0.269000,1.412360,20.440000,19.179620
455.630000,2024/03/25 13:25:28,18,0.235200,1.644130,20.860000,18.562250
454.280000,2024/03/25 13:26:54,18,0.225070,1.723380,21.146670,19.455760
454.410000,2024/03/25 13:28:19,18,0.220670,1.629280,21.433330,18.845440
448.050000,2024/03/25 13:31:40,19,0.188000,0.998670,20.900000,19.486130
449.210000,2024/03/25 13:33:05,19,0.187250,0.955560,20.983330,19.589540
448.950000,2024/03/25 13:34:31,19,0.184750,0.841020,21.100000,19.640080
452.070000,2024/03/25 13:36:48,20,0.237900,1.335820,21.300000,18.274810
453.380000,2024/03/25 13:38:13,20,0.243000,1.395440,21.300000,18.305690
452.540000,2024/03/25 13:39:39,20,0.243000,1.353760,21.100000,18.305620
453.560000,2024/03/25 13:41:46,21,0.338880,1.541680,20.853330,18.263140
453.250000,2024/03/25 13:43:12,21,0.339070,1.574290,20.500000,18.320250
454.370000,2024/03/25 13:44:38,21,0.339030,1.523630,20.306670,17.754760
454.300000,2024/03/25 13:46:49,22,0.364150,1.575330,19.900000,17.439590
454.570000,2024/03/25 13:48:14,22,0.365570,1.486780,20.013330,18.049970
454.610000,2024/03/25 13:49:40,22,0.366000,1.705310,20.100000,18.008680
450.850000,2024/03/25 13:52:23,23,0.192130,1.455420,20.300000,17.766800
451.270000,2024/03/25 13:53:48,23,0.263000,1.468320,20.300000,17.995570
451.400000,2024/03/25 13:55:14,23,0.263000,1.491240,20.183330,18.301140
458.210000,2024/03/25 13:57:33,OC4,0.240270,2.485670,19.923330,18.894340
458.220000,2024/03/25 13:58:59,OC4,0.271950,2.716720,20.100000,18.869920
461.330000,2024/03/25 14:00:24,OC4,0.275470,2.692060,20.100000,19.049020
451.220000,2024/03/25 14:02:35,OC5,0.327330,1.312110,19.916670,18.551280
451.370000,2024/03/25 14:04:00,OC5,0.334050,1.407820,19.900000,18.879730
452.190000,2024/03/25 14:05:26,OC5,0.336770,1.328150,19.900000,18.742450
451.910000,2024/03/25 14:08:48,24,0.346150,1.714010,19.130000,18.769150
450.910000,2024/03/25 14:10:14,24,0.347570,1.526310,19.300000,19.860380
451.580000,2024/03/25 14:11:39,24,0.348980,1.530940,19.496670,20.214630
452.220000,2024/03/25 14:13:46,25,0.320300,1.817400,19.940000,21.604210
454.920000,2024/03/25 14:15:12,25,0.323000,1.842530,20.513330,21.670770
454.120000,2024/03/25 14:16:37,25,0.325850,1.562090,21.080000,20.811750
453.330000,2024/03/25 14:18:55,OC3,0.313750,1.575650,21.600000,20.544350
452.810000,2024/03/25 14:20:20,OC3,0.314330,1.470260,21.900000,20.422870
455.090000,2024/03/25 14:21:45,OC3,0.316000,1.653260,22.080000,20.183510
467.640000,2024/03/27 07:58:55,1,0.366820,0.522380,14.155000,12.702140
468.840000,2024/03/27 08:00:20,1,0.368770,0.438410,13.776670,12.781760
467.600000,2024/03/27 08:01:46,1,0.368670,0.369570,13.566670,12.756100
471.780000,2024/03/27 08:04:42,2,0.234000,0.798480,13.300000,12.525920
476.070000,2024/03/27 08:06:09,2,0.391000,0.864950,13.100000,12.652140
471.060000,2024/03/27 08:07:34,2,0.391000,0.791250,13.100000,12.623130
473.190000,2024/03/27 08:09:34,3,0.160530,1.324160,13.100000,12.247010
479.790000,2024/03/27 08:10:59,3,0.346650,1.268030,13.011670,12.405730
478.120000,2024/03/27 08:12:25,3,0.348320,1.253540,13.000000,12.407230
467.640000,2024/03/27 08:15:24,4,0.300400,0.630990,13.030000,12.238130
467.970000,2024/03/27 08:16:50,4,0.305270,0.682010,13.100000,12.307920
466.500000,2024/03/27 08:18:15,4,0.307300,0.593560,13.100000,12.219310
467.360000,2024/03/27 08:22:25,OC1,0.355320,0.719240,13.100000,12.066530
467.490000,2024/03/27 08:23:51,OC1,0.356000,0.648990,13.100000,12.144600
466.490000,2024/03/27 08:25:16,OC1,0.357000,0.581440,13.000000,12.144770
467.940000,2024/03/27 08:27:31,5,0.364420,0.789910,13.000000,12.160010
467.100000,2024/03/27 08:28:57,5,0.365000,0.941570,12.830000,12.180110
470.620000,2024/03/27 08:30:22,5,0.366000,0.892620,12.800000,12.248470
463.480000,2024/03/27 08:33:07,6,0.369000,0.460040,13.000000,12.187420
475.860000,2024/03/27 08:34:32,6,0.371000,0.459360,13.000000,12.224080
466.800000,2024/03/27 08:35:58,6,0.371870,0.454660,13.086670,12.269540
466.930000,2024/03/27 08:46:35,7,0.275870,0.721320,12.746670,12.316960
469.940000,2024/03/27 08:48:00,7,0.280650,0.869110,12.800000,12.440900
469.300000,2024/03/27 08:49:25,7,0.281630,0.625270,12.800000,12.473930
467.140000,2024/03/27 08:53:23,8,0.354530,0.648130,13.000000,12.319750
468.330000,2024/03/27 08:54:48,8,0.357370,0.690760,13.000000,12.400500
468.290000,2024/03/27 08:56:13,8,0.359000,0.675270,13.000000,12.419510
469.270000,2024/03/27 09:02:20,9,0.057350,1.047590,13.000000,12.550220
476.460000,2024/03/27 09:03:45,9,0.055000,0.955980,13.063330,12.688200
477.150000,2024/03/27 09:05:11,9,0.051600,0.877250,13.100000,12.739020
479.090000,2024/03/27 09:10:31,OC2,0.091800,2.271850,13.400000,12.958460
485.380000,2024/03/27 09:11:56,OC2,0.090500,1.870320,13.483330,13.062920
486.000000,2024/03/27 09:13:22,OC2,0.121000,1.900450,13.550000,13.059090
469.820000,2024/03/27 09:18:12,10,0.316400,0.943360,13.800000,13.141370
473.520000,2024/03/27 09:19:38,10,0.321070,0.811740,13.800000,13.205920
468.470000,2024/03/27 09:21:04,10,0.322970,0.963010,13.800000,13.140150
465.870000,2024/03/27 09:25:43,11,0.339200,0.991740,13.800000,13.274470
466.110000,2024/03/27 09:27:08,11,0.341000,1.009730,14.000000,13.245150
466.360000,2024/03/27 09:28:35,11,0.341000,0.949580,14.000000,13.284420
460.010000,2024/03/27 09:33:20,12,0.342870,0.434170,13.800000,12.942640
460.400000,2024/03/27 09:34:45,12,0.346650,0.406980,13.800000,13.051980
460.550000,2024/03/27 09:36:12,12,0.349000,0.517460,13.800000,12.994050
462.400000,2024/03/27 09:41:10,13,0.278200,0.736970,13.800000,13.220580
462.740000,2024/03/27 09:42:36,13,0.281500,0.723930,13.800000,13.383400
462.330000,2024/03/27 09:44:02,13,0.298800,0.670340,13.986670,13.429830
462.580000,2024/03/27 09:49:14,14,0.281530,0.576720,14.100000,13.533670
460.980000,2024/03/27 09:50:40,14,0.311570,0.455330,14.100000,13.483700
461.390000,2024/03/27 09:52:06,14,0.310000,0.458510,14.100000,13.504920
463.140000,2024/03/27 09:56:50,15,0.264000,0.878530,14.100000,13.609720
464.420000,2024/03/27 09:58:15,15,0.362850,0.846060,14.300000,13.741480
465.010000,2024/03/27 09:59:41,15,0.363170,0.870870,14.300000,13.772150
464.920000,2024/03/27 10:03:54,16,0.141000,1.082180,14.378330,13.997550
465.990000,2024/03/27 10:05:19,16,0.377430,1.046690,14.443330,13.993950
465.180000,2024/03/27 10:06:45,16,0.379000,1.014570,14.600000,13.968070
475.440000,2024/03/27 10:11:15,17,0.366130,1.503360,14.600000,14.285990
475.880000,2024/03/27 10:12:41,17,0.367580,1.343330,14.600000,14.320270
475.570000,2024/03/27 10:14:07,17,0.368000,1.411480,14.700000,14.333680
461.650000,2024/03/27 10:18:50,18,0.248680,0.907590,14.600000,14.222050
462.320000,2024/03/27 10:20:16,18,0.350160,0.877160,14.700000,14.164300
462.750000,2024/03/27 10:21:42,18,0.351580,0.875410,14.700000,14.253990
463.890000,2024/03/27 10:25:45,19,0.281900,1.046510,14.700000,14.356840
464.670000,2024/03/27 10:27:10,19,0.362000,0.836700,14.700000,14.385030
464.100000,2024/03/27 10:28:36,19,0.362480,0.949920,14.796670,14.343830
464.000000,2024/03/27 10:32:52,20,0.353750,1.043890,14.850000,14.226720
464.560000,2024/03/27 10:34:18,20,0.357630,0.982150,14.900000,14.391170
464.320000,2024/03/27 10:35:43,20,0.357230,1.018870,14.961670,14.467510
462.470000,2024/03/27 10:40:50,21,0.350080,1.116030,14.971670,14.971950
464.280000,2024/03/27 10:42:15,21,0.379000,1.158870,15.030000,14.958220
463.370000,2024/03/27 10:43:41,21,0.379570,1.246210,15.200000,15.072960
465.390000,2024/03/27 10:51:25,22,0.407000,1.653330,15.595000,15.911400
463.830000,2024/03/27 10:52:51,22,0.407000,1.667940,15.950000,16.065590
464.790000,2024/03/27 10:54:17,22,0.407000,1.669800,16.033330,16.107000
456.910000,2024/03/27 10:58:37,23,0.165000,0.768430,8.250000,16.076200
458.240000,2024/03/27 11:00:03,23,0.332800,0.733800,16.500000,16.305880
456.360000,2024/03/27 11:01:29,23,0.334380,0.751560,16.700000,16.496270
468.050000,2024/03/27 11:04:38,OC4,0.357670,2.126160,16.906670,17.209880
469.910000,2024/03/27 11:06:04,OC4,0.359030,2.229840,17.193330,17.154780
469.270000,2024/03/27 11:07:30,OC4,0.360000,2.376140,17.300000,16.866810
460.280000,2024/03/27 11:10:29,OC5,0.374000,1.133620,17.200000,16.221820
463.610000,2024/03/27 11:11:54,OC5,0.374000,1.173150,17.040000,16.419890
464.730000,2024/03/27 11:13:19,OC5,0.374000,1.163880,16.956670,16.335470
463.540000,2024/03/27 11:17:05,24,0.398000,1.398730,16.800000,15.892990
461.340000,2024/03/27 11:18:31,24,0.325030,1.299130,13.720000,16.457470
461.310000,2024/03/27 11:19:57,24,0.337450,1.305900,14.280000,16.677460
463.070000,2024/03/27 11:22:44,25,0.227550,1.240490,17.046670,17.404660
460.520000,2024/03/27 11:24:10,25,0.371050,1.223400,17.310000,17.680440
461.000000,2024/03/27 11:25:35,25,0.372480,1.163340,17.693330,18.085010
464.030000,2024/03/27 11:27:36,OC3,0.188980,1.840760,18.096670,17.995150
463.710000,2024/03/27 11:29:01,OC3,0.391000,1.597370,18.566670,18.155580
462.730000,2024/03/27 11:30:27,OC3,0.391000,1.417290,18.800000,17.882840
446.710000,2024/03/27 13:50:59,1,0.352920,1.374070,31.150000,26.096260
447.840000,2024/03/27 13:52:25,1,0.353700,1.292210,30.595000,26.088870
448.900000,2024/03/27 13:53:51,1,0.356570,1.340220,30.165000,25.869790
445.690000,2024/03/27 13:55:59,2,0.346170,1.157040,28.650000,25.786450
448.060000,2024/03/27 13:57:25,2,0.351400,1.168120,27.930000,26.339030
447.500000,2024/03/27 13:58:51,2,0.356350,1.165950,27.565000,26.085570
464.670000,2024/03/27 14:00:47,3,0.200180,3.251740,27.330000,26.779010
467.730000,2024/03/27 14:02:13,3,0.157750,2.834450,28.390000,27.788660
464.140000,2024/03/27 14:03:39,3,0.244670,2.868240,29.075000,27.408620
447.880000,2024/03/27 14:06:03,4,0.350070,2.042120,28.615000,25.624900
454.990000,2024/03/27 14:07:29,4,0.359000,2.253160,28.000000,25.260290
452.540000,2024/03/27 14:08:55,4,0.359850,2.104210,27.830000,25.384600
447.290000,2024/03/27 14:11:12,OC1,0.371130,1.028080,27.500000,26.110200
446.850000,2024/03/27 14:12:38,OC1,0.372000,1.124590,27.665000,27.815100
448.250000,2024/03/27 14:14:04,OC1,0.373000,1.019550,27.800000,27.500830
462.280000,2024/03/27 14:16:01,5,0.342600,3.074210,27.800000,25.149350
460.670000,2024/03/27 14:17:27,5,0.344380,2.862040,27.800000,25.072830
460.620000,2024/03/27 14:18:53,5,0.346630,2.845410,27.800000,24.744190
456.510000,2024/03/27 14:21:04,6,0.364000,1.894170,27.200000,23.984620
456.050000,2024/03/27 14:22:30,6,0.367430,1.832410,27.200000,24.899350
458.150000,2024/03/27 14:23:56,6,0.368870,1.961880,26.940000,24.910900
451.310000,2024/03/27 14:26:10,7,0.333300,1.690340,26.700000,25.307030
453.850000,2024/03/27 14:27:36,7,0.336530,1.505040,26.700000,26.144780
453.700000,2024/03/27 14:29:02,7,0.338930,1.456480,26.700000,26.169670
453.180000,2024/03/27 14:31:05,8,0.323000,1.935230,26.900000,26.302510
453.080000,2024/03/27 14:32:31,8,0.325700,1.831750,26.900000,25.379420
453.950000,2024/03/27 14:33:57,8,0.329880,1.831500,26.900000,24.766870
449.970000,2024/03/27 14:36:00,9,0.198400,1.577060,26.900000,25.739720
451.920000,2024/03/27 14:37:25,9,0.213950,1.544870,26.900000,26.021640
451.580000,2024/03/27 14:38:51,9,0.267130,1.484590,26.900000,25.724870
465.520000,2024/03/27 14:40:54,OC2,0.187830,3.610360,26.900000,27.360940
468.720000,2024/03/27 14:42:20,OC2,0.197250,3.494250,27.350000,27.927040
466.750000,2024/03/27 14:43:46,OC2,0.261680,3.460460,27.936670,27.791350
449.400000,2024/03/27 14:46:01,10,0.333400,1.608400,28.000000,27.071630
450.150000,2024/03/27 14:47:27,10,0.340370,1.526370,27.926670,26.762320
448.510000,2024/03/27 14:48:52,10,0.341800,1.635620,27.800000,26.469340
454.850000,2024/03/27 14:50:57,11,0.362430,2.149920,27.500000,25.960150
455.270000,2024/03/27 14:52:23,11,0.367320,2.643890,27.800000,26.632440
454.220000,2024/03/27 14:53:49,11,0.368000,1.749580,27.800000,26.874710
446.810000,2024/03/27 14:56:02,12,0.381250,1.263650,28.000000,26.860210
446.350000,2024/03/27 14:57:28,12,0.383400,1.341450,27.920000,26.595940
445.560000,2024/03/27 14:58:54,12,0.384000,1.119230,27.550000,26.266690
448.820000,2024/03/27 15:01:06,13,0.363070,1.991230,27.510000,26.556890
451.060000,2024/03/27 15:02:32,13,0.365470,2.050140,27.893330,26.188860
449.790000,2024/03/27 15:03:59,13,0.366000,1.976490,27.820000,25.867420
446.720000,2024/03/27 15:06:00,14,0.320330,0.963910,27.520000,24.868130
445.950000,2024/03/27 15:07:25,14,0.321050,0.895030,27.200000,25.601400
447.170000,2024/03/27 15:08:51,14,0.323770,0.967260,26.968850,25.456480
450.540000,2024/03/27 15:10:53,15,0.360000,1.373930,26.740000,25.498760
449.760000,2024/03/27 15:12:18,15,0.370000,1.451110,26.400000,25.699740
448.570000,2024/03/27 15:13:43,15,0.369350,1.412090,26.400000,25.628690
452.680000,2024/03/27 15:15:57,16,0.227900,1.833720,26.223330,26.086400
450.400000,2024/03/27 15:17:23,16,0.264050,1.724440,26.400000,25.846080
454.260000,2024/03/27 15:18:49,16,0.262000,1.742420,26.400000,26.076660
453.390000,2024/03/27 15:20:53,17,0.352020,2.621620,26.455000,25.876510
453.220000,2024/03/27 15:22:19,17,0.374000,2.469390,26.353330,26.248590
456.340000,2024/03/27 15:23:44,17,0.373330,2.661260,26.200000,26.089080
450.710000,2024/03/27 15:25:52,18,0.358200,1.893520,26.200000,25.077550
451.810000,2024/03/27 15:27:18,18,0.354230,2.064670,26.470000,25.347970
452.580000,2024/03/27 15:28:44,18,0.355670,2.016600,26.700000,24.991940
447.120000,2024/03/27 15:30:52,19,0.369320,1.461720,26.465000,25.449580
445.630000,2024/03/27 15:32:18,19,0.373000,1.616100,26.353330,25.762930
449.470000,2024/03/27 15:33:44,19,0.373670,1.385770,26.200000,25.746310
451.370000,2024/03/27 15:35:42,20,0.364770,2.023380,26.090000,25.398050
453.240000,2024/03/27 15:37:08,20,0.363070,1.975660,26.180000,24.987370
454.560000,2024/03/27 15:38:33,20,0.364000,1.962770,25.900000,24.654950
455.790000,2024/03/27 15:40:55,21,0.328950,2.274530,25.175000,24.487830
455.850000,2024/03/27 15:42:21,21,0.388270,2.163350,25.046670,24.760910
455.870000,2024/03/27 15:43:47,21,0.389000,2.272330,24.900000,25.033700
455.270000,2024/03/27 15:45:58,22,0.328700,2.362830,24.900000,24.860030
456.840000,2024/03/27 15:47:24,22,0.322330,2.156160,24.900000,24.745050
455.350000,2024/03/27 15:48:50,22,0.324530,2.204080,24.900000,24.682830
448.690000,2024/03/27 15:51:00,23,0.329800,1.418070,24.900000,24.256830
450.400000,2024/03/27 15:52:26,23,0.333000,1.430640,25.030000,24.293040
449.760000,2024/03/27 15:53:51,23,0.333780,1.273230,25.056670,24.341270
464.140000,2024/03/27 15:55:57,OC4,0.353330,3.281120,24.926670,24.288540
466.330000,2024/03/27 15:57:22,OC4,0.360600,3.397980,25.100000,24.602210
462.770000,2024/03/27 15:58:48,OC4,0.362720,3.357240,25.100000,24.735880
450.730000,2024/03/27 16:01:02,OC5,0.323200,1.552300,25.385000,25.882660
453.950000,2024/03/27 16:02:27,OC5,0.321620,2.209550,25.100000,25.612430
454.830000,2024/03/27 16:03:53,OC5,0.321800,2.283900,25.100000,25.267560
453.940000,2024/03/27 16:06:16,24,0.378200,2.037230,24.740000,24.851420
454.980000,2024/03/27 16:07:43,24,0.379000,1.880350,24.900000,24.601750
457.120000,2024/03/27 16:09:08,24,0.379000,1.948300,24.900000,24.517980
454.020000,2024/03/27 16:11:16,25,0.373550,1.791360,24.736670,26.087880
455.530000,2024/03/27 16:12:41,25,0.375380,1.715970,25.023330,26.386150
455.090000,2024/03/27 16:14:08,25,0.376000,1.718420,25.100000,26.054950
462.230000,2024/03/27 16:16:06,OC3,0.390000,3.002190,25.100000,25.091320
459.460000,2024/03/27 16:17:32,OC3,0.390000,2.670830,25.010000,25.089260
461.040000,2024/03/27 16:18:58,OC3,0.390890,2.557040,24.900000,25.030940
452.550000,2024/03/28 12:27:33,7,0.336170,4.258290,20.500000,20.006570
450.960000,2024/03/28 12:28:58,7,0.338500,1.675590,20.500000,20.055860
453.270000,2024/03/28 12:30:24,7,0.339000,1.299250,20.500000,20.192380
450.680000,2024/03/28 12:35:27,6_7,0.323930,1.125430,20.696720,22.317300
453.670000,2024/03/28 12:36:52,6_7,0.325250,1.347440,21.183330,22.294900
450.590000,2024/03/28 12:38:18,6_7,0.327000,1.094340,21.300000,22.346710
454.050000,2024/03/28 12:41:07,8,0.327300,1.675930,21.830000,21.979240
453.410000,2024/03/28 12:42:32,8,0.331000,1.604720,21.900000,21.669810
455.230000,2024/03/28 12:43:58,8,0.331500,1.506450,22.000000,21.642760
449.630000,2024/03/28 12:47:40,9,0.106600,1.190690,22.680000,23.139170
450.540000,2024/03/28 12:49:05,9,0.244700,1.156330,23.185000,23.059570
450.760000,2024/03/28 12:50:30,9,0.248950,1.322660,23.510000,23.123370
460.530000,2024/03/28 12:53:05,OC2,0.116770,2.943530,24.008330,24.026160
461.180000,2024/03/28 12:54:31,OC2,0.122850,2.636650,24.425000,25.469920
457.760000,2024/03/28 12:55:57,OC2,0.082300,2.564180,24.996670,25.747930
447.510000,2024/03/28 12:59:33,10,0.276420,1.091390,26.200000,24.582140
451.190000,2024/03/28 13:00:58,10,0.280000,1.241840,26.200000,23.511150
450.060000,2024/03/28 13:02:23,10,0.278070,1.109080,26.386670,23.424130
453.870000,2024/03/28 13:05:12,11,0.179670,1.544760,26.400000,25.654500
454.300000,2024/03/28 13:06:37,11,0.246170,1.412920,26.700000,25.611270
453.510000,2024/03/28 13:08:04,11,0.247000,1.469200,26.700000,25.745910
452.560000,2024/03/28 13:10:54,12,0.358450,1.670140,26.700000,24.110350
453.760000,2024/03/28 13:12:21,12,0.347520,1.632970,26.435000,23.755130
452.720000,2024/03/28 13:13:47,12,0.353320,1.522370,26.400000,23.447270
454.420000,2024/03/28 13:16:56,13,0.248400,1.951760,25.900000,24.595770
454.410000,2024/03/28 13:18:22,13,0.047500,1.857650,26.170000,24.281300
455.560000,2024/03/28 13:19:48,13,0.300670,1.756340,26.200000,24.195890
450.180000,2024/03/28 13:22:31,14,0.251300,0.844230,25.900000,24.780080
450.880000,2024/03/28 13:23:56,14,0.256520,0.847170,25.900000,25.455360
450.650000,2024/03/28 13:25:22,14,0.257800,0.781230,26.170000,25.444000
452.770000,2024/03/28 13:28:30,15,0.272030,1.419990,26.400000,26.034180
452.330000,2024/03/28 13:29:55,15,0.273930,1.302150,26.540000,25.629870
452.490000,2024/03/28 13:31:22,15,0.278600,1.296100,26.700000,25.180160
457.200000,2024/03/28 13:34:41,24,0.347430,2.196640,26.700000,25.904080
457.190000,2024/03/28 13:36:07,24,0.349650,2.023920,26.700000,26.195280
456.140000,2024/03/28 13:37:33,24,0.350080,1.860700,26.900000,25.975200
456.270000,2024/03/28 13:40:16,25,0.254400,2.187330,26.900000,28.746870
456.630000,2024/03/28 13:41:42,25,0.320000,2.016180,27.200000,28.561160
458.410000,2024/03/28 13:43:08,25,0.320000,1.974720,27.000000,28.726720
458.590000,2024/03/28 13:45:47,OC3,0.355950,2.622250,26.995000,26.597740
460.020000,2024/03/28 13:47:12,OC3,0.358750,1.991610,27.200000,26.659940
458.170000,2024/03/28 13:48:38,OC3,0.359000,1.964920,27.500000,27.342210
456.430000,2024/03/28 13:51:41,OC5,0.318220,1.936610,27.135000,26.167370
458.650000,2024/03/28 13:53:06,OC5,0.320900,2.452120,26.773330,25.763560
456.900000,2024/03/28 13:54:31,OC5,0.322000,1.976700,26.390000,25.030080
451.760000,2024/03/28 13:56:39,23,0.364000,1.620620,25.900000,24.180780
451.120000,2024/03/28 13:58:05,23,0.364000,1.734280,25.900000,24.260130
452.350000,2024/03/28 13:59:31,23,0.364000,1.751630,25.880000,23.826040
461.270000,2024/03/28 14:01:47,18,0.347630,2.773280,25.790000,24.940580
461.360000,2024/03/28 14:03:12,18,0.349000,2.966910,26.200000,25.022810
460.210000,2024/03/28 14:04:37,18,0.349170,2.693090,26.400000,24.626980
458.820000,2024/03/28 14:06:44,22,0.388280,2.153850,26.341670,24.065710
460.100000,2024/03/28 14:08:10,22,0.389000,2.001360,26.700000,24.245980
458.770000,2024/03/28 14:09:35,22,0.390000,2.017600,26.700000,24.679360
468.350000,2024/03/28 14:11:49,OC4,0.361400,3.987700,26.700000,25.150480
472.050000,2024/03/28 14:13:15,OC4,0.365570,3.441560,26.856670,24.867800
467.410000,2024/03/28 14:14:41,OC4,0.367220,4.040090,26.856670,24.485760
458.260000,2024/03/28 14:16:43,21,0.355500,2.379060,26.700000,25.601060
456.740000,2024/03/28 14:18:08,21,0.355630,2.141620,26.700000,25.635980
456.820000,2024/03/28 14:19:34,21,0.356000,2.092180,26.665000,25.213570
461.480000,2024/03/28 14:21:38,20,0.336370,2.763290,26.491670,25.111310
461.310000,2024/03/28 14:23:04,20,0.339200,2.777570,26.900000,24.385740
461.550000,2024/03/28 14:24:29,20,0.340000,2.392030,26.900000,24.429550
450.180000,2024/03/28 14:26:41,19,0.263230,1.518740,26.900000,26.184550
451.510000,2024/03/28 14:28:08,19,0.265330,1.436000,27.100000,27.064650
449.030000,2024/03/28 14:29:33,19,0.266170,1.300300,27.225000,27.323000
455.640000,2024/03/28 14:32:24,16,0.288400,2.003700,27.500000,26.788430
453.450000,2024/03/28 14:33:50,16,0.313000,2.099780,27.390000,26.227400
454.250000,2024/03/28 14:35:16,16,0.313000,1.862240,27.200000,25.902780
456.630000,2024/03/28 14:37:16,17,0.273400,2.522890,27.200000,27.273020
459.620000,2024/03/28 14:38:41,17,0.264430,2.558120,27.565000,28.456090
459.800000,2024/03/28 14:40:07,17,0.299800,2.433260,27.800000,28.494980
448.920000,2024/03/28 14:42:43,1,0.321250,1.192570,27.200000,26.283230
448.940000,2024/03/28 14:44:09,1,0.325000,1.224310,27.200000,26.213220
449.330000,2024/03/28 14:45:35,1,0.326000,1.099980,27.500000,26.066360
450.300000,2024/03/28 14:47:48,2,0.335000,1.514160,27.200000,26.495820
450.210000,2024/03/28 14:49:14,2,0.337770,1.408180,26.970000,27.175500
449.140000,2024/03/28 14:50:40,2,0.338200,1.434290,26.640000,26.446170
464.340000,2024/03/28 14:52:37,3,0.164330,3.240270,26.483330,27.964480
464.730000,2024/03/28 14:54:03,3,0.166000,2.889220,27.250000,28.240240
463.890000,2024/03/28 14:55:29,3,0.153080,3.348950,27.800000,27.550620
453.260000,2024/03/28 14:57:55,4,0.149850,2.145930,27.665000,26.297800
454.560000,2024/03/28 14:59:21,4,0.334770,2.099230,27.500000,26.171810
453.270000,2024/03/28 15:00:47,4,0.336000,1.895120,27.500000,25.730160
448.010000,2024/03/28 15:03:04,OC1,0.332800,1.072100,27.380000,26.469690
448.210000,2024/03/28 15:04:29,OC1,0.334070,1.009190,27.200000,26.726120
448.630000,2024/03/28 15:05:56,OC1,0.336000,1.163790,27.200000,26.393910
459.070000,2024/03/28 15:08:06,5,0.309400,2.789950,27.200000,25.446090
460.300000,2024/03/28 15:09:31,5,0.317070,2.367740,27.180000,25.784950
458.200000,2024/03/28 15:10:57,5,0.318000,2.289120,26.800000,25.494860
538.730000,2024/03/29 08:02:10,25,0.328430,0.886450,10.286670,5.784490
539.510000,2024/03/29 08:03:35,25,0.329970,0.826090,10.101670,5.713290
531.720000,2024/03/29 08:05:01,25,0.329580,0.803260,9.758330,5.746490
520.020000,2024/03/29 08:07:07,OC3,0.177000,0.893590,9.400000,5.506680
522.930000,2024/03/29 08:08:32,OC3,0.354000,0.754990,9.013330,5.430490
523.400000,2024/03/29 08:09:58,OC3,0.354000,0.704070,8.863330,5.333450
483.760000,2024/03/29 08:12:10,24,0.191400,0.780000,8.490000,5.444870
509.880000,2024/03/29 08:13:36,24,0.351000,0.782670,8.400000,5.435280
511.970000,2024/03/29 08:15:02,24,0.351580,0.684510,8.400000,5.556370
520.830000,2024/03/29 08:17:35,OC5,0.334470,0.594700,8.206670,5.619670
521.200000,2024/03/29 08:19:01,OC5,0.348400,1.043520,8.240000,5.792490
511.360000,2024/03/29 08:20:27,OC5,0.349000,0.892820,8.300000,6.030600
511.780000,2024/03/29 08:22:33,23,0.261600,0.735790,8.210000,5.677090
510.980000,2024/03/29 08:23:59,23,0.261470,0.653060,7.726670,5.472570
509.400000,2024/03/29 08:25:25,23,0.264000,0.790090,7.436670,5.560250
504.500000,2024/03/29 08:27:39,OC4,0.283050,1.233190,7.200000,5.992730
499.890000,2024/03/29 08:29:05,OC4,0.284000,1.394450,7.248330,5.941520
505.410000,2024/03/29 08:30:31,OC4,0.284000,1.337500,7.391670,6.012140
498.410000,2024/03/29 08:36:15,22,0.368000,1.071350,7.500000,7.066100
490.520000,2024/03/29 08:37:41,22,0.369000,1.051470,7.400000,6.807050
496.980000,2024/03/29 08:39:07,22,0.369000,1.097960,7.400000,6.950710
480.630000,2024/03/29 08:41:17,21,0.249330,0.793510,7.466670,7.716240
496.280000,2024/03/29 08:42:43,21,0.374100,0.750260,7.730000,7.739950
494.410000,2024/03/29 08:44:09,21,0.374450,0.747640,8.055000,7.986130
486.130000,2024/03/29 08:46:24,20,0.246750,0.648410,8.200000,8.006750
482.140000,2024/03/29 08:47:50,20,0.317780,0.762690,8.078330,7.769550
477.740000,2024/03/29 08:49:16,20,0.318300,0.703210,8.000000,7.739740
476.700000,2024/03/29 08:51:29,19,0.311050,0.647450,8.000000,8.500570
476.580000,2024/03/29 08:52:55,19,0.312600,0.586200,8.130000,8.474460
480.530000,2024/03/29 08:54:21,19,0.312500,0.614830,8.350000,8.642640
476.330000,2024/03/29 08:57:11,18-1,0.266800,0.904080,8.343330,9.403090
475.370000,2024/03/29 08:58:37,18-1,0.311000,0.860460,8.300000,9.257700
476.010000,2024/03/29 09:00:03,18-1,0.311900,0.975400,8.345000,9.388370
477.830000,2024/03/29 09:02:28,17,0.313650,1.010480,8.840000,10.375050
481.860000,2024/03/29 09:03:54,17,0.369280,0.965270,9.285000,10.501230
475.510000,2024/03/29 09:05:20,17,0.370000,0.988150,9.573330,10.585370
476.170000,2024/03/29 09:07:22,16,0.262130,0.747450,9.876670,11.287370
478.330000,2024/03/29 09:08:49,16,0.243000,1.047100,10.120000,11.435370
479.730000,2024/03/29 09:10:15,16,0.296270,0.826700,10.453330,11.722060
477.570000,2024/03/29 09:12:33,15,0.255730,0.548130,11.000000,12.356220
473.350000,2024/03/29 09:13:59,15,0.278730,0.641830,11.063330,12.331120
469.960000,2024/03/29 09:15:24,15,0.280800,0.535080,11.080000,12.168320
471.030000,2024/03/29 09:17:48,14,0.284920,0.423810,11.055000,12.576610
473.710000,2024/03/29 09:19:13,14,0.290200,0.369330,11.540000,13.195770
471.990000,2024/03/29 09:20:39,14,0.293030,0.388430,12.010000,13.236390
470.030000,2024/03/29 09:22:49,13,0.298800,0.639870,12.380000,13.224770
471.630000,2024/03/29 09:24:14,13,0.299270,0.723340,12.300000,12.860050
468.160000,2024/03/29 09:25:40,13,0.299930,0.687270,12.300000,12.567330
466.810000,2024/03/29 09:27:49,1,0.273000,0.357020,12.321670,13.491290
468.400000,2024/03/29 09:29:15,1,0.274300,0.365390,12.530000,13.824530
468.000000,2024/03/29 09:30:41,1,0.275250,0.436560,12.708330,13.830870
466.310000,2024/03/29 09:32:52,2,0.346250,0.665640,13.175000,13.910580
466.960000,2024/03/29 09:34:18,2,0.347000,0.634060,13.468330,13.698360
470.380000,2024/03/29 09:35:44,2,0.348000,0.515010,13.500000,13.822570
473.450000,2024/03/29 09:37:50,3,0.198000,1.114260,13.478330,14.383400
473.210000,2024/03/29 09:39:15,3,0.155100,1.018410,13.335000,14.052900
473.740000,2024/03/29 09:40:42,3,0.186920,1.050100,13.100000,13.997510
471.210000,2024/03/29 09:43:12,4,0.178500,1.126610,13.100000,14.518200
470.490000,2024/03/29 09:44:38,4,0.309020,0.901160,13.300000,14.473880
471.090000,2024/03/29 09:46:03,4,0.310870,1.047320,13.300000,14.472260
465.470000,2024/03/29 09:48:20,OC1,0.255850,0.548990,13.471670,16.010220
467.920000,2024/03/29 09:49:45,OC1,0.359000,0.543880,13.713330,16.014750
467.550000,2024/03/29 09:51:10,OC1,0.359000,0.606890,13.910000,16.252850
469.180000,2024/03/29 09:53:26,5,0.244180,0.861820,14.263330,17.300130
467.410000,2024/03/29 09:54:51,5,0.301250,0.861150,14.400000,17.095440
466.280000,2024/03/29 09:56:18,5,0.303370,0.824460,14.536670,16.952020
466.020000,2024/03/29 09:58:37,6,0.300030,0.601550,14.901670,17.143100
461.810000,2024/03/29 10:00:03,6,0.302900,0.597710,15.000000,16.917210
463.230000,2024/03/29 10:01:29,6,0.304000,0.539970,15.000000,17.119460
461.490000,2024/03/29 10:03:44,7,0.308530,0.846350,15.026670,17.033500
460.270000,2024/03/29 10:05:09,7,0.311450,0.840030,15.365000,16.905110
460.510000,2024/03/29 10:06:35,7,0.312930,0.812210,15.693330,16.490900
458.790000,2024/03/29 10:08:47,8,0.342170,0.683500,16.050000,17.773940
457.830000,2024/03/29 10:10:12,8,0.344200,0.690390,16.420000,18.086190
456.810000,2024/03/29 10:11:38,8,0.344070,0.728480,16.703330,18.398660
456.910000,2024/03/29 10:14:12,9,0.142800,0.803380,17.180000,17.708640
454.300000,2024/03/29 10:15:37,9,0.239970,0.833120,17.503330,17.755960
456.270000,2024/03/29 10:17:03,9,0.238870,0.792700,17.786670,17.756830
459.370000,2024/03/29 10:19:20,OC2,0.147630,1.625040,18.286670,19.832900
464.020000,2024/03/29 10:20:45,OC2,0.214930,1.539480,18.926670,20.146440
463.090000,2024/03/29 10:22:10,OC2,0.248130,1.710280,19.213330,20.194760
453.360000,2024/03/29 10:24:32,10,0.257580,0.771260,19.316670,18.635710
455.430000,2024/03/29 10:25:57,10,0.283000,0.815600,18.800000,18.299250
454.100000,2024/03/29 10:27:23,10,0.285770,0.831240,18.293330,18.136980
455.640000,2024/03/29 10:29:32,11,0.296080,0.970180,18.000000,19.441620
456.060000,2024/03/29 10:30:57,11,0.301750,1.062100,18.670000,19.272630
457.400000,2024/03/29 10:32:23,11,0.305000,0.871010,18.800000,19.182840
452.410000,2024/03/29 10:34:38,12,0.360020,0.502540,18.600000,18.973400
452.570000,2024/03/29 10:36:03,12,0.361430,0.629540,18.513330,18.701750
452.500000,2024/03/29 10:37:28,12,0.362870,0.649000,18.400000,18.736430
CO2 mean,DATE_TIME initial_value,LABEL,SWC_2 mean,FCO2_DRY,TS_2 mean,TA mean
[umol+1mol-1],[YYYY-MM-DD HH:MM:SS],[#],[m+3m-3],[umol+1m-2s-1],[C],[C]
471.820000,2024/04/01 08:09:58,13,0.104000,1.029110,17.245000,16.553030
474.530000,2024/04/01 08:11:23,13,0.001730,1.203350,17.003330,16.382050
474.000000,2024/04/01 08:12:50,13,0.050000,0.840040,17.000000,16.378730
469.490000,2024/04/01 08:15:01,14,0.157870,0.521850,16.923330,16.654160
468.670000,2024/04/01 08:16:26,14,0.259070,0.541850,17.000000,16.625570
469.490000,2024/04/01 08:17:52,14,0.261000,0.667540,17.000000,16.628280
472.740000,2024/04/01 08:20:09,15,0.163500,0.708650,16.950000,16.781780
469.500000,2024/04/01 08:21:34,15,0.218500,0.632400,17.000000,16.756360
472.870000,2024/04/01 08:23:00,15,0.221000,0.560630,16.880000,16.740450
473.460000,2024/04/01 08:25:08,12,0.138320,0.447500,16.943330,17.126120
469.500000,2024/04/01 08:26:33,12,0.195600,0.445160,17.000000,17.031600
468.930000,2024/04/01 08:27:58,12,0.194700,0.418280,17.000000,17.078320
471.410000,2024/04/01 08:30:17,16,0.000000,1.161920,17.173330,17.179730
471.000000,2024/04/01 08:31:43,16,0.014100,1.373790,17.200000,17.078580
474.000000,2024/04/01 08:33:08,16,0.024280,1.210630,8.886670,17.068960
479.710000,2024/04/01 08:35:20,17,0.159930,1.907750,17.200000,17.037550
486.470000,2024/04/01 08:36:46,17,0.167470,1.724800,17.200000,16.841680
481.500000,2024/04/01 08:38:12,17,0.171600,1.920250,17.200000,16.827560
472.230000,2024/04/01 08:40:47,18,0.040000,1.392740,17.200000,17.175270
472.290000,2024/04/01 08:42:13,18,0.040000,1.265720,17.200000,17.091780
473.490000,2024/04/01 08:43:39,18,0.102000,1.297010,17.200000,17.095310
473.980000,2024/04/01 08:46:27,11,0.309050,1.040020,17.200000,17.343650
472.130000,2024/04/01 08:47:53,11,0.310470,1.075160,17.200000,17.246650
471.460000,2024/04/01 08:49:18,11,0.311880,1.207180,17.200000,17.231300
473.000000,2024/04/01 08:51:48,10,0.201770,0.986380,17.200000,17.284310
470.180000,2024/04/01 08:53:13,10,0.199000,1.085270,17.200000,17.110040
473.710000,2024/04/01 08:54:39,10,0.203000,1.160800,17.153330,17.080130
480.250000,2024/04/01 08:56:42,OC2,0.228000,1.864410,17.200000,17.673760
482.260000,2024/04/01 08:58:08,OC2,0.228000,1.812130,17.273330,17.691810
479.270000,2024/04/01 08:59:34,OC2,0.227850,2.047430,17.300000,17.743090
470.360000,2024/04/01 09:01:55,9,0.108000,1.074890,17.600000,17.886090
470.410000,2024/04/01 09:03:20,9,0.106270,1.071440,17.700000,17.796130
469.430000,2024/04/01 09:04:47,9,0.106000,1.106220,17.700000,17.867320
465.590000,2024/04/01 09:06:49,8,0.133750,0.783070,17.783330,18.456360
463.780000,2024/04/01 09:08:14,8,0.132000,0.874530,17.981670,18.585370
461.290000,2024/04/01 09:09:39,8,0.132300,0.980140,18.000000,18.922250
462.050000,2024/04/01 09:11:57,19,0.060270,1.151920,18.200000,19.436440
463.160000,2024/04/01 09:13:22,19,0.113000,1.015590,18.390000,19.191650
463.300000,2024/04/01 09:14:47,19,0.106000,0.923230,18.400000,19.153700
464.160000,2024/04/01 09:16:52,20,0.070200,0.905950,18.490000,19.666280
464.290000,2024/04/01 09:18:17,20,0.156000,0.979290,18.600000,19.597830
462.440000,2024/04/01 09:19:43,20,0.159000,1.003060,18.800000,19.652040
461.600000,2024/04/01 09:21:59,21,0.141670,1.332730,18.856670,20.284240
467.070000,2024/04/01 09:23:24,21,0.247000,1.300550,18.900000,20.052550
465.390000,2024/04/01 09:24:50,21,0.247000,1.361970,18.800000,20.090220
474.780000,2024/04/01 09:27:02,OC4,0.086770,2.626150,18.863330,20.713590
470.930000,2024/04/01 09:28:29,OC4,0.032230,2.862860,4.423330,20.726660
476.220000,2024/04/01 09:29:54,OC4,0.141000,3.097920,19.196670,20.819510
467.250000,2024/04/01 09:32:09,22,0.198000,1.902920,19.593330,21.188700
467.750000,2024/04/01 09:33:35,22,0.272830,1.905780,19.900000,21.116380
464.900000,2024/04/01 09:35:01,22,0.272000,1.792710,19.900000,21.216940
459.940000,2024/04/01 09:37:08,23,0.067370,0.903220,20.043330,20.676690
460.370000,2024/04/01 09:38:33,23,0.111600,0.929860,20.100000,20.449650
460.230000,2024/04/01 09:39:59,23,0.201700,0.974380,20.100000,20.455370
463.090000,2024/04/01 09:42:18,OC5,0.156600,1.601480,20.100000,20.979770
463.400000,2024/04/01 09:43:45,OC5,0.171330,1.741610,20.300000,21.086020
463.980000,2024/04/01 09:45:11,OC5,0.170000,1.680780,20.300000,20.975520
461.720000,2024/04/01 09:47:41,24,0.274280,1.467890,20.300000,20.826960
461.220000,2024/04/01 09:49:07,24,0.276430,1.608760,20.156670,20.617240
461.130000,2024/04/01 09:50:33,24,0.277000,1.463570,20.100000,20.679520
461.100000,2024/04/01 09:52:36,25,0.193180,1.612350,20.136670,21.590040
461.230000,2024/04/01 09:54:01,25,0.195800,1.464870,20.420000,21.530620
461.930000,2024/04/01 09:55:26,25,0.200830,2.086950,20.700000,21.769360
459.930000,2024/04/01 09:57:31,OC3,0.260300,1.299400,20.920000,22.084830
460.250000,2024/04/01 09:58:57,OC3,0.264070,1.207610,21.100000,22.199050
459.960000,2024/04/01 10:00:22,OC3,0.265000,1.207740,21.100000,22.182010
455.720000,2024/04/01 10:03:00,1,0.127600,0.754290,21.420000,22.137900
456.010000,2024/04/01 10:04:26,1,0.128000,0.634280,21.503330,22.353080
456.420000,2024/04/01 10:05:51,1,0.126650,0.636010,21.700000,22.493710
453.590000,2024/04/01 10:08:10,2,0.183230,0.702220,21.853330,21.957410
453.550000,2024/04/01 10:09:36,2,0.239730,0.746400,21.863330,21.894980
454.940000,2024/04/01 10:11:01,2,0.243000,0.712510,21.700000,21.998180
463.130000,2024/04/01 10:13:16,3,0.134670,1.673620,21.673330,22.102890
464.210000,2024/04/01 10:14:43,3,0.118000,1.744960,21.700000,22.355600
463.470000,2024/04/01 10:16:08,3,0.118000,1.915700,21.843330,22.236310
454.390000,2024/04/01 10:18:38,4,0.203300,0.996130,21.900000,21.961300
453.930000,2024/04/01 10:20:04,4,0.204250,0.893760,21.900000,22.096780
455.430000,2024/04/01 10:21:29,4,0.201420,0.920370,21.900000,22.121240
451.810000,2024/04/01 10:23:48,OC1,0.276000,0.704490,21.900000,22.961620
453.760000,2024/04/01 10:25:13,OC1,0.276000,0.790300,21.900000,22.929320
452.450000,2024/04/01 10:26:39,OC1,0.275300,0.802660,21.853330,22.974780
456.470000,2024/04/01 10:28:42,5,0.182000,1.310100,21.760000,22.579610
457.580000,2024/04/01 10:30:07,5,0.182000,1.367250,21.900000,22.644200
458.150000,2024/04/01 10:31:33,5,0.180000,1.393970,21.873330,22.413150
455.330000,2024/04/01 10:33:42,6,0.172100,0.897470,21.960000,22.403980
454.810000,2024/04/01 10:35:08,6,0.170000,0.909200,22.100000,22.491400
454.520000,2024/04/01 10:36:33,6,0.170000,0.901900,22.100000,22.383570
461.010000,2024/04/01 10:38:45,7,0.225000,1.059560,22.100000,22.466370
456.540000,2024/04/01 10:40:11,7,0.231300,1.134480,22.330000,22.553200
456.740000,2024/04/01 10:41:36,7,0.228600,1.157920,22.400000,22.530840
522.220000,2024/01/29 11:54:40,1,0.348000,0.572210,15.166670,15.433710
451.600000,2024/01/29 11:56:06,1,0.348000,0.445790,14.940000,15.188380
451.780000,2024/01/29 11:57:32,1,0.334070,0.463840,15.210000,15.343290
453.640000,2024/01/29 12:04:16,13,0.327070,0.980650,15.306670,16.185270
453.810000,2024/01/29 12:05:42,13,0.330000,0.962190,15.540000,15.842740
454.150000,2024/01/29 12:07:07,13,0.330620,1.055260,15.761670,15.804590
451.660000,2024/01/29 12:14:14,14,0.198600,0.427210,15.700000,15.571030
451.820000,2024/01/29 12:15:40,14,0.015750,0.409510,1.308330,15.757770
452.690000,2024/01/29 12:17:06,14,0.122400,0.375530,9.600000,15.930620
453.920000,2024/01/29 12:21:48,24,0.317850,0.870070,16.056670,15.823840
453.750000,2024/01/29 12:23:13,24,0.320000,0.733570,16.200000,16.345260
453.850000,2024/01/29 12:24:38,24,0.320000,0.730850,16.326670,16.343460
458.040000,2024/01/29 12:29:40,OC3,0.384000,1.195330,16.216670,16.188950
457.300000,2024/01/29 12:31:05,OC3,0.384000,1.082850,16.533330,16.666270
457.640000,2024/01/29 12:32:31,OC3,0.384000,1.014430,16.700000,17.067150
456.960000,2024/01/29 12:36:35,25,0.315250,1.014180,17.016670,18.385180
456.170000,2024/01/29 12:38:01,25,0.318520,0.961790,17.200000,18.753820
456.380000,2024/01/29 12:39:26,25,0.322730,0.952720,17.200000,19.334360
455.160000,2024/01/29 12:43:34,16,0.295130,0.847800,16.800000,16.172980
456.340000,2024/01/29 12:45:00,16,0.298930,1.065700,16.751670,16.300960
455.990000,2024/01/29 12:46:26,16,0.298200,1.012940,16.700000,16.120810
457.080000,2024/01/29 12:51:11,17,0.245000,0.988510,16.266670,16.790140
457.780000,2024/01/29 12:52:37,17,0.252100,1.066800,16.320000,16.804280
457.630000,2024/01/29 12:54:02,17,0.253530,1.115080,16.500000,16.732290
453.610000,2024/01/29 12:58:14,OC5,0.233930,0.663140,16.500000,18.540870
454.280000,2024/01/29 12:59:40,OC5,0.319830,0.694170,16.500000,18.890250
453.660000,2024/01/29 13:01:06,OC5,0.319000,0.657870,16.500000,19.210790
452.550000,2024/01/29 13:04:48,23,0.345400,0.645550,16.590000,16.625850
452.990000,2024/01/29 13:06:14,23,0.344000,0.666560,16.943330,16.359330
453.360000,2024/01/29 13:07:39,23,0.343000,0.671640,16.970000,15.847930
455.820000,2024/01/29 13:11:30,OC4,0.362000,1.124470,16.500000,17.435670
456.190000,2024/01/29 13:12:56,OC4,0.361430,0.857340,16.886670,17.911160
457.420000,2024/01/29 13:14:22,OC4,0.362000,0.907150,17.173330,18.383580
455.970000,2024/01/29 13:18:31,22,0.378000,0.840170,17.303330,16.294330
455.770000,2024/01/29 13:19:56,22,0.378000,0.946520,17.586670,16.457290
456.240000,2024/01/29 13:21:22,22,0.378000,1.136930,17.873330,16.529020
461.050000,2024/01/29 13:25:14,21,0.283080,1.608580,17.756670,16.850670
460.070000,2024/01/29 13:26:39,21,0.395000,1.493930,17.473330,16.929130
460.120000,2024/01/29 13:28:04,21,0.395000,1.490070,17.300000,16.916330
453.860000,2024/01/29 13:32:01,20,0.392480,0.816520,17.300000,16.163410
453.580000,2024/01/29 13:33:27,20,0.392000,0.766630,17.205000,15.660910
453.840000,2024/01/29 13:34:53,20,0.391000,0.701200,16.923330,15.365380
454.880000,2024/01/29 13:39:20,19,0.211670,0.799770,16.666670,17.333480
456.150000,2024/01/29 13:40:46,19,0.253000,0.972180,16.725000,17.154450
455.810000,2024/01/29 13:42:11,19,0.255000,0.841320,16.800000,17.193910
457.880000,2024/01/29 13:46:24,18,0.325950,1.482290,17.265000,16.340240
458.920000,2024/01/29 13:47:49,18,0.368000,1.606960,17.563330,16.585070
458.160000,2024/01/29 13:49:14,18,0.368000,1.433830,17.700000,16.532040
452.970000,2024/01/29 14:34:33,7,0.268100,0.707640,17.510000,17.925840
453.310000,2024/01/29 14:35:59,7,0.269520,0.756140,17.845000,18.571340
452.900000,2024/01/29 14:37:26,7,0.271750,0.774550,18.000000,18.015830
461.250000,2024/01/29 14:41:03,6,0.210100,2.167600,18.220000,16.914760
462.100000,2024/01/29 14:42:29,6,0.382970,1.717840,18.400000,17.131660
458.760000,2024/01/29 14:43:55,6,0.383000,1.551290,18.400000,16.915200
453.450000,2024/01/29 14:47:18,8,0.310400,0.957030,18.720000,17.450330
453.130000,2024/01/29 14:48:44,8,0.387000,0.838830,18.946670,17.825810
453.720000,2024/01/29 14:50:10,8,0.387000,1.015150,19.100000,17.695820
458.270000,2024/01/29 14:53:26,5,0.336420,1.419350,18.916670,16.311530
458.090000,2024/01/29 14:54:51,5,0.366000,1.336970,18.733330,16.385220
457.510000,2024/01/29 14:56:16,5,0.366000,1.181030,18.600000,16.453280
447.160000,2024/01/29 15:05:40,OC1,0.349400,1.066090,17.500000,17.372610
450.480000,2024/01/29 15:07:06,OC1,0.350000,0.394010,17.500000,16.846740
451.130000,2024/01/29 15:08:31,OC1,0.350000,0.372470,17.300000,16.866160
453.570000,2024/01/29 15:13:09,9,0.193450,0.950980,17.300000,17.176680
453.970000,2024/01/29 15:14:35,9,0.226270,0.887240,17.268330,17.174460
454.730000,2024/01/29 15:16:00,9,0.231930,0.832390,17.200000,17.328490
461.080000,2024/01/29 15:19:22,OC2,0.266400,1.543450,17.230000,18.551220
465.860000,2024/01/29 15:20:48,OC2,0.273200,1.553480,17.713330,19.028350
462.740000,2024/01/29 15:22:14,OC2,0.277930,1.446780,18.190000,19.012260
451.470000,2024/01/29 15:25:46,10,0.292930,0.536520,18.200000,17.653750
451.790000,2024/01/29 15:27:11,10,0.296830,0.611600,18.016670,17.257430
452.840000,2024/01/29 15:28:37,10,0.300000,0.521970,17.633330,17.308630
451.160000,2024/01/29 15:31:43,4,0.150300,0.546050,17.500000,17.883360
451.190000,2024/01/29 15:33:09,4,0.335770,0.585610,17.500000,18.070270
452.050000,2024/01/29 15:34:34,4,0.336300,0.545090,17.500000,17.797570
452.860000,2024/01/29 15:38:08,11,0.320670,0.703220,17.300000,17.166340
452.640000,2024/01/29 15:39:34,11,0.371300,0.663150,17.140000,16.413050
452.570000,2024/01/29 15:41:00,11,0.372000,0.639310,16.856670,16.070050
453.830000,2024/01/29 15:44:25,12,0.375130,1.255620,16.220000,15.757080
452.410000,2024/01/29 15:45:50,12,0.375430,0.835120,15.530000,15.458050
453.040000,2024/01/29 15:47:17,12,0.375000,1.123420,15.000000,15.832810
451.640000,2024/01/29 15:49:51,15,0.191920,0.537640,14.816670,16.910330
451.500000,2024/01/29 15:51:16,15,0.332000,0.523510,15.000000,16.663560
451.800000,2024/01/29 15:52:42,15,0.333870,0.480720,15.286670,16.654900
458.770000,2024/01/29 15:57:50,3,0.120450,1.146490,15.865000,16.596360
456.180000,2024/01/29 15:59:15,3,0.221950,1.306260,16.688330,16.724760
456.550000,2024/01/29 16:00:40,3,0.226000,1.393420,17.120000,16.883880
450.360000,2024/01/29 16:03:17,2,0.315000,0.488770,17.500000,15.894970
450.640000,2024/01/29 16:04:42,2,0.318300,0.573290,17.026670,15.445490
449.940000,2024/01/29 16:06:08,2,0.319130,0.409450,16.540000,15.420830
457.010000,2024/01/30 12:18:55,7,0.344000,0.568700,16.000000,17.040120
457.720000,2024/01/30 12:20:20,7,0.344570,0.605450,16.000000,17.127540
458.370000,2024/01/30 12:21:46,7,0.345000,0.572780,16.000000,17.152230
456.820000,2024/01/30 12:24:24,6,0.364530,0.694210,16.390000,16.855540
456.850000,2024/01/30 12:25:49,6,0.365050,0.657640,16.700000,16.879790
456.890000,2024/01/30 12:27:15,6,0.366000,0.691200,16.700000,16.367810
456.630000,2024/01/30 12:29:49,8,0.373050,0.649790,16.730000,16.990520
457.850000,2024/01/30 12:31:15,8,0.374480,0.645940,17.493330,17.666040
455.890000,2024/01/30 12:32:40,8,0.375000,0.606550,17.970000,17.593500
458.130000,2024/01/30 12:35:27,5,0.251470,0.945630,18.136670,16.463340
459.370000,2024/01/30 12:36:52,5,0.369000,0.878080,18.420000,16.798420
459.670000,2024/01/30 12:38:17,5,0.369530,0.917000,18.600000,16.816190
455.660000,2024/01/30 12:40:42,OC1,0.303330,0.352680,18.613330,17.757580
456.660000,2024/01/30 12:42:07,OC1,0.328700,0.397060,18.095000,18.483490
456.450000,2024/01/30 12:43:33,OC1,0.330780,0.398620,17.586670,18.662820
458.720000,2024/01/30 12:46:12,9,0.184300,0.801360,17.243330,17.021960
458.550000,2024/01/30 12:47:37,9,0.236130,0.674370,17.300000,17.559570
459.180000,2024/01/30 12:49:04,9,0.239300,0.696370,17.300000,17.894830
460.910000,2024/01/30 12:51:37,OC2,0.254150,1.073490,17.895000,19.306440
460.820000,2024/01/30 12:53:02,OC2,0.302530,1.168620,19.113330,19.380670
461.030000,2024/01/30 12:54:28,OC2,0.304000,1.038280,20.120000,19.555120
455.640000,2024/01/30 12:56:53,4,0.340350,0.547510,20.476670,19.031750
455.850000,2024/01/30 12:58:18,4,0.344100,0.538350,20.080000,19.010710
456.160000,2024/01/30 12:59:44,4,0.345970,0.544630,19.513330,18.801580
456.870000,2024/01/30 13:02:14,10,0.205000,0.527380,18.853330,18.402680
456.900000,2024/01/30 13:03:39,10,0.246770,0.603290,18.446670,18.600040
456.450000,2024/01/30 13:05:05,10,0.247270,0.668520,18.105000,18.626260
456.610000,2024/01/30 13:07:48,11,0.291170,0.607010,17.693330,17.929370
456.810000,2024/01/30 13:09:13,11,0.296000,0.688010,17.500000,17.968880
456.840000,2024/01/30 13:10:38,11,0.297770,0.609120,17.323330,18.089590
455.500000,2024/01/30 13:13:03,12,0.376570,0.730170,17.285000,17.494540
455.350000,2024/01/30 13:14:29,12,0.378720,0.629630,17.643330,17.245890
454.530000,2024/01/30 13:15:54,12,0.379000,0.607790,18.026670,17.083410
458.820000,2024/01/30 13:18:38,3,0.222000,1.134230,18.376670,18.230230
460.190000,2024/01/30 13:20:04,3,0.220900,1.331090,18.890000,18.795100
459.210000,2024/01/30 13:21:30,3,0.223730,1.044700,19.393330,18.848520
453.670000,2024/01/30 13:23:36,2,0.339000,0.605280,19.533330,17.828550
453.410000,2024/01/30 13:25:02,2,0.363270,0.568440,19.020000,18.267920
455.640000,2024/01/30 13:26:27,2,0.364680,0.482120,18.526670,18.513930
457.300000,2024/01/30 13:28:38,1,0.355470,0.812450,18.200000,17.958060
457.110000,2024/01/30 13:30:03,1,0.356000,0.744270,18.456670,18.247210
457.030000,2024/01/30 13:31:28,1,0.356720,0.860880,18.600000,18.292680
458.950000,2024/01/30 13:33:48,13,0.293170,1.395520,18.610000,18.655290
458.560000,2024/01/30 13:35:13,13,0.299870,1.240450,18.900000,18.669340
458.590000,2024/01/30 13:36:39,13,0.301120,1.283550,18.811670,18.144690
453.530000,2024/01/30 13:39:12,14,0.285900,0.354630,18.600000,18.007980
453.980000,2024/01/30 13:40:37,14,0.291850,0.309180,18.430000,17.707980
454.270000,2024/01/30 13:42:02,14,0.294720,0.333490,18.543330,17.518830
454.120000,2024/01/30 13:44:44,15,0.247470,0.484790,18.206670,18.689580
455.350000,2024/01/30 13:46:09,15,0.261770,0.461380,18.200000,19.536590
455.010000,2024/01/30 13:47:35,15,0.262180,0.483430,18.036670,19.717180
457.180000,2024/01/30 13:50:35,24,0.234380,0.799860,17.700000,19.241900
457.610000,2024/01/30 13:52:00,24,0.291230,0.786660,17.746670,19.282090
456.680000,2024/01/30 13:53:26,24,0.292670,0.839740,17.900000,18.921760
457.140000,2024/01/30 13:55:51,25,0.358000,0.888760,18.250000,20.775340
458.790000,2024/01/30 13:57:16,25,0.358000,0.771060,18.850000,20.992670
457.850000,2024/01/30 13:58:41,25,0.358000,0.839440,19.273330,21.069730
459.230000,2024/01/30 14:01:04,OC3,0.332500,0.917380,19.760000,19.367850
460.900000,2024/01/30 14:02:29,OC3,0.337470,0.928110,20.193330,19.503760
458.250000,2024/01/30 14:03:55,OC3,0.339000,0.912890,20.330000,18.807190
453.260000,2024/01/30 14:08:27,OC5,0.347700,0.564070,19.560000,19.635410
456.820000,2024/01/30 14:09:53,OC5,0.348000,0.618820,19.300000,19.793430
454.230000,2024/01/30 14:11:18,OC5,0.348550,0.703240,19.190000,19.913730
454.630000,2024/01/30 14:13:32,23,0.268680,0.909350,19.100000,19.017480
454.880000,2024/01/30 14:14:58,23,0.341200,0.837520,19.100000,19.047560
454.520000,2024/01/30 14:16:23,23,0.342000,0.843420,19.100000,18.805570
456.840000,2024/01/30 14:18:50,OC4,0.341200,0.949280,19.100000,19.884300
458.060000,2024/01/30 14:20:16,OC4,0.344520,0.944690,18.996670,19.918900
457.690000,2024/01/30 14:21:42,OC4,0.345000,1.106160,18.900000,19.637780
456.960000,2024/01/30 14:24:14,22,0.306400,0.923380,18.613330,18.759850
458.700000,2024/01/30 14:25:40,22,0.308000,0.898300,18.220000,18.558200
457.050000,2024/01/30 14:27:05,22,0.309670,0.968280,17.966670,18.556930
457.490000,2024/01/30 14:29:24,21,0.238130,1.266740,17.773330,17.817480
459.430000,2024/01/30 14:30:49,21,0.377000,1.273440,17.686670,18.080580
458.030000,2024/01/30 14:32:15,21,0.376520,1.276780,17.500000,18.136490
457.340000,2024/01/30 14:34:36,20,0.298330,0.816990,17.466670,17.860790
455.170000,2024/01/30 14:36:01,20,0.357000,0.792100,17.500000,17.590780
455.950000,2024/01/30 14:37:26,20,0.357000,0.744070,17.366670,17.368960
467.670000,2024/01/30 14:40:05,19,0.280950,0.571650,17.231670,18.211970
455.560000,2024/01/30 14:41:31,19,0.285250,0.734310,17.300000,18.850370
454.860000,2024/01/30 14:42:56,19,0.285330,0.613460,17.300000,19.074260
457.860000,2024/01/30 14:45:41,18,0.346500,1.166370,17.483330,18.854790
457.800000,2024/01/30 14:47:07,18,0.378350,1.103020,17.770000,18.792550
457.800000,2024/01/30 14:48:32,18,0.379000,1.175880,17.900000,18.585670
458.960000,2024/01/30 14:51:07,17,0.284100,1.229700,17.900000,18.693630
459.420000,2024/01/30 14:52:33,17,0.285220,1.211870,17.900000,18.412750
461.290000,2024/01/30 14:53:58,17,0.285400,1.088690,17.700000,18.412060
455.210000,2024/01/30 14:56:18,16,0.155650,0.790230,17.610000,19.182280
456.040000,2024/01/30 14:57:44,16,0.285900,0.748040,17.990000,19.682710
455.110000,2024/01/30 14:59:10,16,0.288670,0.796980,18.283330,19.304720
450.800000,2024/01/31 12:22:13,21,0.364200,1.061530,17.920000,16.598410
452.210000,2024/01/31 12:23:38,21,0.364000,1.077330,17.456670,16.760730
452.320000,2024/01/31 12:25:04,21,0.364000,1.086180,17.235000,16.286740
452.620000,2024/01/31 12:28:16,OC4,0.312870,0.844970,17.173330,17.587030
453.270000,2024/01/31 12:29:42,OC4,0.362280,0.926740,17.300000,18.337100
452.740000,2024/01/31 12:31:07,OC4,0.363000,0.885320,17.300000,18.316480
452.100000,2024/01/31 12:34:46,22,0.367700,1.082390,16.930000,16.443480
452.150000,2024/01/31 12:36:11,22,0.369770,0.986260,16.570000,16.662390
452.320000,2024/01/31 12:37:37,22,0.370800,0.922410,16.280000,16.453930
449.920000,2024/01/31 12:39:54,23,0.334030,0.679480,15.800000,14.895650
449.740000,2024/01/31 12:41:19,23,0.332100,0.695250,15.980000,15.872580
450.780000,2024/01/31 12:42:44,23,0.332000,0.746050,16.066670,16.666840
450.480000,2024/01/31 12:46:06,20,0.266500,0.691510,16.573330,16.671380
450.530000,2024/01/31 12:47:31,20,0.390000,0.665420,17.000000,16.367820
450.340000,2024/01/31 12:48:57,20,0.390000,0.584060,17.000000,15.960480
452.020000,2024/01/31 12:52:02,19,0.203930,0.970010,16.736670,16.222260
452.950000,2024/01/31 12:53:28,19,0.325000,0.884350,16.690000,16.529340
452.860000,2024/01/31 12:54:53,19,0.325930,0.739700,16.500000,16.509850
453.800000,2024/01/31 12:58:05,18,0.258670,0.983350,16.200000,14.654070
456.120000,2024/01/31 12:59:30,18,0.388000,1.003900,16.183330,15.064480
453.270000,2024/01/31 13:00:56,18,0.388000,0.946030,16.000000,15.256380
452.310000,2024/01/31 13:03:35,OC5,0.330330,0.569220,15.833330,16.543920
450.410000,2024/01/31 13:06:37,OC5_2,0.332000,0.610710,16.300000,17.897930
450.430000,2024/01/31 13:08:03,OC5_2,-9999.000000,0.641810,-9999.000000,18.439350
450.770000,2024/01/31 13:09:28,OC5_2,0.333100,0.602330,16.810000,18.486550
454.250000,2024/01/31 13:11:39,17,0.282400,1.154510,17.070000,18.213090
454.960000,2024/01/31 13:13:04,17,0.288950,1.119270,17.430000,17.733530
455.050000,2024/01/31 13:14:30,17,0.290330,1.130070,17.700000,17.310400
452.300000,2024/01/31 13:16:50,16,0.166580,0.812970,17.783330,17.801110
452.640000,2024/01/31 13:18:16,16,0.269100,0.769050,17.730000,17.860680
453.820000,2024/01/31 13:19:42,16,0.268570,0.745060,17.500000,17.913670
450.460000,2024/01/31 13:22:06,10,0.182700,0.541060,17.230000,17.404480
451.290000,2024/01/31 13:23:33,10,0.265130,0.545900,16.786670,17.808070
450.940000,2024/01/31 13:24:59,10,0.266000,0.598860,16.473330,17.942730
452.190000,2024/01/31 13:27:57,11,0.343270,0.661950,16.253330,18.308130
452.250000,2024/01/31 13:29:23,11,0.347970,0.633290,16.493330,17.790220
452.290000,2024/01/31 13:30:48,11,0.349000,0.689180,16.576670,18.118660
448.820000,2024/01/31 13:33:06,12,0.265820,0.713760,16.768330,17.313380
449.110000,2024/01/31 13:34:31,12,0.390000,0.563180,17.020000,17.430830
449.630000,2024/01/31 13:35:56,12,0.390000,0.569310,17.200000,17.126550
450.920000,2024/01/31 13:38:05,15,0.206670,0.630390,17.300000,17.921640
450.640000,2024/01/31 13:39:31,15,0.315300,0.551920,17.520000,19.145020
451.640000,2024/01/31 13:40:57,15,0.318000,0.516240,17.700000,19.749950
457.080000,2024/01/31 13:44:48,3,0.348150,1.317500,17.815000,19.802600
456.850000,2024/01/31 13:46:14,3,0.350000,1.197000,18.163330,20.361720
455.620000,2024/01/31 13:47:40,3,0.350750,1.366350,18.450000,20.063330
449.090000,2024/01/31 13:50:36,2,0.364370,0.563480,18.600000,18.605700
449.420000,2024/01/31 13:52:01,2,0.366000,0.585070,18.600000,19.204820
449.300000,2024/01/31 13:53:27,2,0.366030,0.531030,18.800000,19.232270
449.930000,2024/01/31 13:55:43,1,0.303500,0.571430,18.960000,19.492670
449.930000,2024/01/31 13:57:08,1,0.307000,0.746660,19.243330,19.236060
450.130000,2024/01/31 13:58:34,1,0.309000,0.508310,19.300000,18.937180
453.870000,2024/01/31 14:14:54,13,0.320450,1.128670,20.093330,18.519220
453.000000,2024/01/31 14:16:19,13,0.322900,1.052370,20.480000,19.337350
453.620000,2024/01/31 14:17:44,13,0.323950,1.061720,20.700000,19.520080
450.130000,2024/01/31 14:20:07,14,0.189000,0.512180,20.420000,17.827390
451.690000,2024/01/31 14:21:32,14,0.275230,0.336040,20.276670,17.410690
450.370000,2024/01/31 14:22:57,14,0.277000,0.462650,19.991800,17.611600
454.090000,2024/01/31 14:25:17,24,0.291200,0.954100,19.526670,18.801930
453.200000,2024/01/31 14:26:42,24,0.337280,0.816800,19.243330,19.157290
453.560000,2024/01/31 14:28:07,24,0.337280,0.808170,19.100000,19.098380
452.880000,2024/01/31 14:30:31,25,0.082250,0.846550,4.745000,20.248660
455.190000,2024/01/31 14:31:56,25,0.314530,0.836200,19.100000,21.521560
453.140000,2024/01/31 14:33:22,25,0.316900,0.755440,19.290000,21.613740
454.930000,2024/01/31 14:35:38,OC3,0.361870,0.957190,19.256670,20.162020
457.200000,2024/01/31 14:37:04,OC3,0.365650,1.139610,18.970000,20.531520
455.280000,2024/01/31 14:38:29,OC3,0.367000,1.056440,18.893330,19.632010
451.990000,2024/01/31 14:44:06,7,0.198850,0.784310,18.463330,18.968310
452.360000,2024/01/31 14:45:32,7,0.295120,0.901080,18.623330,19.878170
451.920000,2024/01/31 14:46:57,7,0.296530,0.765330,18.800000,19.779020
451.180000,2024/01/31 14:49:14,6,0.302980,0.851600,18.900000,18.474950
452.910000,2024/01/31 14:50:39,6,0.371230,0.802080,18.946670,18.854100
452.100000,2024/01/31 14:52:04,6,0.372000,0.921910,19.100000,18.763860
450.520000,2024/01/31 14:54:12,8,0.239700,0.774570,19.413330,19.133760
451.110000,2024/01/31 14:55:38,8,0.308220,0.753540,19.943330,19.765630
451.040000,2024/01/31 14:57:03,8,0.308370,0.801210,20.100000,19.504350
453.550000,2024/01/31 14:59:11,9,0.177100,0.809390,20.146670,18.901430
454.140000,2024/01/31 15:00:37,9,0.233600,0.833970,19.820000,18.746880
453.900000,2024/01/31 15:02:03,9,0.237900,0.830460,19.373330,18.843680
463.230000,2024/01/31 15:04:19,OC2,0.083650,1.421830,6.685000,20.240770
458.840000,2024/01/31 15:05:44,OC2,0.245980,1.271240,19.100000,20.067040
458.000000,2024/01/31 15:07:11,OC2,0.244930,1.278930,19.253330,20.014880
453.340000,2024/01/31 15:10:39,5,0.334700,1.074910,19.253330,17.620830
453.000000,2024/01/31 15:12:05,5,0.337000,0.943260,18.900000,18.132450
454.360000,2024/01/31 15:13:31,5,0.336900,0.903360,18.580000,17.959370
449.770000,2024/01/31 15:15:33,OC1,0.302600,0.400770,18.155000,18.278550
450.220000,2024/01/31 15:16:59,OC1,0.307130,0.389450,17.786670,18.891590
454.920000,2024/01/31 15:18:25,OC1,0.308000,0.392300,17.500000,19.117230
449.840000,2024/01/31 15:21:28,4,0.371050,0.550300,17.500000,18.239500
450.920000,2024/01/31 15:22:53,4,0.372470,0.609960,17.500000,19.024630
450.240000,2024/01/31 15:24:19,4,0.373920,0.586420,17.316670,18.721090
448.330000,2024/02/05 12:04:33,1,0.378000,0.653140,12.350000,11.437900
449.950000,2024/02/05 12:05:59,1,0.378000,0.256480,12.075000,11.473560
450.510000,2024/02/05 12:07:24,1,0.378000,0.283790,12.000000,11.616470
450.500000,2024/02/05 12:09:51,2,0.304400,0.350800,11.900000,12.421130
451.080000,2024/02/05 12:11:16,2,0.309200,0.327740,11.900000,12.213360
451.200000,2024/02/05 12:12:42,2,0.313900,0.283280,11.900000,12.294530
456.240000,2024/02/05 12:14:59,3,0.336870,0.772680,12.106670,13.375720
457.930000,2024/02/05 12:16:25,3,0.344730,0.735380,12.605000,13.548860
456.550000,2024/02/05 12:17:50,3,0.346300,0.768310,12.800000,13.529810
452.380000,2024/02/05 12:20:03,13,0.365670,0.619510,12.933330,12.795290
453.750000,2024/02/05 12:21:28,13,0.369750,0.633180,12.800000,12.840070
454.590000,2024/02/05 12:22:54,13,0.371000,0.514050,12.700000,12.791200
452.750000,2024/02/05 12:25:59,14,0.305750,0.357910,12.700000,12.875920
451.780000,2024/02/05 12:27:24,14,0.311680,0.419830,12.700000,12.579390
451.870000,2024/02/05 12:28:50,14,0.315880,0.321780,12.711670,12.797250
453.140000,2024/02/05 12:31:21,24,0.233070,0.776750,13.190000,14.703360
455.250000,2024/02/05 12:32:47,24,0.368050,0.781680,13.400000,14.517480
453.620000,2024/02/05 12:34:12,24,0.369000,0.747660,13.448330,14.763880
455.300000,2024/02/05 12:36:28,25,0.264000,0.981070,13.773330,16.382240
455.280000,2024/02/05 12:37:53,25,0.363330,0.847720,14.016390,16.151000
455.170000,2024/02/05 12:39:18,25,0.365000,0.807790,14.100000,16.319450
456.060000,2024/02/05 12:41:39,OC3,0.329080,1.250500,14.283330,15.363000
455.380000,2024/02/05 12:43:04,OC3,0.360650,1.164030,14.335000,15.543140
454.630000,2024/02/05 12:44:30,OC3,0.360770,0.838680,14.400000,15.586490
449.940000,2024/02/05 12:48:45,OC5,0.355070,0.614780,14.603330,17.880690
451.150000,2024/02/05 12:50:10,OC5,0.356550,0.692480,14.700000,17.577650
451.340000,2024/02/05 12:51:36,OC5,0.356000,0.612010,14.876670,17.558310
451.440000,2024/02/05 12:54:41,23,0.353800,0.654180,15.483330,16.772360
451.720000,2024/02/05 12:56:07,23,0.367000,0.663120,15.820000,17.124510
452.080000,2024/02/05 12:57:32,23,0.367000,0.709440,16.163330,16.756060
453.860000,2024/02/05 12:59:55,OC4,0.382180,0.993840,16.336670,17.002040
460.340000,2024/02/05 13:01:20,OC4,0.383000,0.884840,16.500000,17.812190
454.190000,2024/02/05 13:02:45,OC4,0.383000,0.852370,16.506670,17.157790
452.900000,2024/02/05 13:06:03,22,0.432950,0.992910,16.363330,15.721130
453.600000,2024/02/05 13:07:28,22,0.435000,0.876680,16.500000,15.782010
454.190000,2024/02/05 13:08:54,22,0.435000,0.822500,16.500000,15.703920
454.230000,2024/02/05 13:11:57,21,0.365220,1.069740,15.956670,15.121870
454.450000,2024/02/05 13:13:23,21,0.366000,1.058170,15.733330,15.388890
454.680000,2024/02/05 13:14:49,21,0.366000,1.092550,15.683330,15.256420
450.360000,2024/02/05 13:18:13,20,0.383000,0.611120,15.400000,15.609820
451.720000,2024/02/05 13:19:38,20,0.384000,0.750270,15.400000,15.480350
451.390000,2024/02/05 13:21:04,20,0.384000,0.829150,14.965000,14.967080
452.600000,2024/02/05 13:23:25,19,0.240530,0.836140,14.836670,15.648420
453.360000,2024/02/05 13:24:50,19,0.353120,0.735180,14.900000,15.746730
454.780000,2024/02/05 13:26:16,19,0.354000,0.779620,14.900000,15.821280
454.570000,2024/02/05 13:29:43,18,0.351000,1.131040,14.900000,14.929380
454.180000,2024/02/05 13:31:08,18,0.354000,1.008710,15.000000,15.013460
456.540000,2024/02/05 13:32:33,18,0.354830,1.497150,15.166670,14.893140
454.630000,2024/02/05 13:35:18,17,0.170330,0.956550,14.900000,14.976660
455.340000,2024/02/05 13:36:44,17,0.296000,1.070900,14.900000,15.323320
455.240000,2024/02/05 13:38:09,17,0.301430,0.986720,14.900000,15.209760
451.760000,2024/02/05 13:40:15,16,0.185070,0.856250,14.953330,15.782430
451.770000,2024/02/05 13:41:40,16,0.347950,0.686920,15.000000,15.987540
451.690000,2024/02/05 13:43:05,16,0.350370,0.708660,15.273330,16.041740
449.850000,2024/02/05 13:46:00,15,0.333600,0.579470,15.253330,15.842050
450.140000,2024/02/05 13:47:25,15,0.340050,0.528570,15.400000,15.986480
450.200000,2024/02/05 13:48:50,15,0.342120,0.498560,15.400000,15.792520
449.810000,2024/02/05 13:50:43,12,0.388000,0.498500,15.400000,15.595820
449.880000,2024/02/05 13:52:09,12,0.388000,0.435530,15.400000,15.145290
449.570000,2024/02/05 13:53:34,12,0.388000,0.433450,15.400000,15.085300
451.260000,2024/02/05 14:10:20,11,0.359930,0.695160,16.076670,15.441840
451.730000,2024/02/05 14:11:46,11,0.365030,0.628540,15.796670,15.502880
451.050000,2024/02/05 14:13:12,11,0.366480,0.580090,15.700000,15.327100
451.550000,2024/02/05 14:16:13,10,0.254000,0.617030,15.500000,15.815700
452.020000,2024/02/05 14:17:38,10,0.306920,0.562290,15.500000,15.998390
451.780000,2024/02/05 14:19:04,10,0.309000,0.593380,15.500000,15.925810
455.820000,2024/02/05 14:21:09,OC2,0.331920,1.134970,15.583330,16.300630
455.680000,2024/02/05 14:22:34,OC2,0.338550,1.050800,15.785000,16.049710
456.210000,2024/02/05 14:23:59,OC2,0.342000,1.059770,16.000000,16.003570
452.420000,2024/02/05 14:27:14,9,0.104370,0.744660,15.748330,14.555440
454.090000,2024/02/05 14:28:39,9,0.209470,0.784380,15.700000,14.791260
452.860000,2024/02/05 14:30:05,9,0.215700,0.851200,15.630000,14.553220
449.130000,2024/02/05 14:32:16,8,0.215050,0.381030,15.445000,14.189840
449.890000,2024/02/05 14:33:42,8,0.391000,0.365940,15.203330,14.387470
449.580000,2024/02/05 14:35:07,8,0.391000,0.434660,15.000000,14.330030
452.580000,2024/02/05 14:38:38,7,0.340200,0.609110,14.600000,14.797890
453.370000,2024/02/05 14:40:03,7,0.380000,0.575250,14.600000,14.853430
452.280000,2024/02/05 14:41:29,7,0.380750,0.648630,14.600000,14.753760
451.720000,2024/02/05 14:44:39,6,0.358400,0.818630,14.413330,14.111340
451.860000,2024/02/05 14:46:06,6,0.385000,0.592290,14.526670,13.937810
451.740000,2024/02/05 14:47:32,6,0.385000,0.593460,14.400000,13.870450
452.400000,2024/02/05 14:50:30,5,0.269100,0.731720,14.323330,13.877930
455.730000,2024/02/05 14:51:56,5,0.353430,2.133910,14.078330,13.758570
457.300000,2024/02/05 14:53:21,5,0.355630,0.769100,14.000000,13.814110
451.230000,2024/02/05 14:55:39,OC1,0.295170,0.325130,13.800000,14.288060
451.560000,2024/02/05 14:57:04,OC1,0.326650,0.384280,13.800000,14.439390
452.370000,2024/02/05 14:58:31,OC1,0.328350,0.380310,13.721670,14.515620
450.950000,2024/02/05 15:01:33,4,0.281670,0.439760,13.783330,14.601890
450.700000,2024/02/05 15:02:58,4,0.341500,0.456980,13.800000,14.320940
450.980000,2024/02/05 15:04:24,4,0.343680,0.500210,13.800000,14.432620
457.140000,2024/02/06 12:09:41,21,0.394800,0.961880,19.580000,16.231370
456.950000,2024/02/06 12:11:07,21,0.394000,0.932930,18.791670,16.019880
456.730000,2024/02/06 12:12:32,21,0.394000,0.967080,17.985000,16.491330
459.530000,2024/02/06 12:14:44,OC4,0.323520,0.839900,17.208330,18.141370
457.300000,2024/02/06 12:16:10,OC4,0.223330,0.860660,11.666670,18.415090
458.550000,2024/02/06 12:17:35,OC4,0.335100,0.792570,17.300000,18.566440
458.170000,2024/02/06 12:20:18,22,0.320950,0.734010,17.055000,17.859960
456.910000,2024/02/06 12:21:44,22,0.393230,0.724510,16.776670,17.489690
456.950000,2024/02/06 12:23:09,22,0.394000,0.761300,16.566670,17.170800
454.920000,2024/02/06 12:25:08,23,0.244400,0.592210,16.625000,16.885660
455.330000,2024/02/06 12:26:33,23,0.375000,0.577380,17.206670,17.018680
456.910000,2024/02/06 12:27:59,23,0.375000,0.653350,17.300000,16.835080
455.620000,2024/02/06 12:30:20,20,0.322150,0.755630,17.670000,17.033510
455.770000,2024/02/06 12:31:45,20,0.380000,0.549080,17.700000,16.660810
455.800000,2024/02/06 12:33:11,20,0.380000,0.512810,17.700000,16.743660
457.260000,2024/02/06 12:35:34,19,0.354080,0.687170,17.500000,17.885650
457.600000,2024/02/06 12:37:00,19,0.356500,0.769870,17.400000,17.665050
458.570000,2024/02/06 12:38:25,19,0.358000,0.669230,17.206670,17.921010
458.550000,2024/02/06 12:40:43,18,0.341630,0.996750,16.893330,17.734800
458.770000,2024/02/06 12:42:08,18,0.347650,0.984550,17.265000,17.615260
458.700000,2024/02/06 12:43:34,18,0.349080,0.929090,17.300000,17.200960
460.620000,2024/02/06 12:46:37,OC2,0.308000,1.161650,17.240000,18.391840
461.140000,2024/02/06 12:48:03,OC2,0.309130,1.026510,17.613330,19.063620
460.480000,2024/02/06 12:49:28,OC2,0.310000,0.989360,17.995000,19.009110
458.350000,2024/02/06 12:51:46,9,0.232130,0.734000,18.456670,18.343100
460.310000,2024/02/06 12:53:13,9,0.235720,0.743220,18.600000,18.713680
460.000000,2024/02/06 12:54:39,9,0.238830,0.791220,18.400000,18.670040
456.920000,2024/02/06 12:56:53,8,0.247000,0.797450,18.360000,18.680580
457.290000,2024/02/06 12:58:19,8,0.379000,0.700270,18.766670,19.191750
456.990000,2024/02/06 12:59:45,8,0.378730,0.653590,18.953330,18.395030
458.030000,2024/02/06 13:02:15,7,0.232300,0.689690,18.946670,19.626450
459.190000,2024/02/06 13:03:40,7,0.306370,0.649830,19.100000,20.268280
458.640000,2024/02/06 13:05:07,7,0.309230,0.792380,19.100000,20.426540
457.710000,2024/02/06 13:07:16,6,0.301580,0.862100,19.100000,19.395980
458.030000,2024/02/06 13:08:41,6,0.385000,0.935410,19.300000,19.048080
459.970000,2024/02/06 13:10:07,6,0.385000,0.846030,19.426670,19.098530
459.170000,2024/02/06 13:12:29,5,0.361000,0.975560,19.100000,18.744540
459.200000,2024/02/06 13:13:55,5,0.362430,0.948320,19.386670,19.190640
460.210000,2024/02/06 13:15:20,5,0.363000,0.936050,19.500000,19.245000
456.530000,2024/02/06 13:17:19,OC1,0.346500,0.364720,19.700000,20.912450
457.130000,2024/02/06 13:18:45,OC1,0.343800,0.389040,19.193330,21.421860
457.290000,2024/02/06 13:20:11,OC1,0.346000,0.435770,18.690000,21.254880
456.360000,2024/02/06 13:22:18,4,0.347000,0.537580,18.563330,20.134240
456.770000,2024/02/06 13:23:44,4,0.349000,0.503650,18.800000,19.938920
456.310000,2024/02/06 13:25:09,4,0.349670,0.557230,18.866670,20.248460
460.430000,2024/02/06 13:28:01,3,0.218730,1.245440,19.113330,20.386940
461.540000,2024/02/06 13:29:26,3,0.220100,1.097740,19.680000,21.094240
461.870000,2024/02/06 13:30:52,3,0.220230,1.100680,20.053330,20.469740
454.840000,2024/02/06 13:32:53,2,0.369200,0.527260,20.340000,20.407720
455.410000,2024/02/06 13:34:19,2,0.371000,0.595390,19.766670,20.276140
455.510000,2024/02/06 13:35:45,2,0.371270,0.624100,19.246670,20.725010
458.490000,2024/02/06 13:38:05,1,0.197400,0.596060,19.100000,19.395030
455.720000,2024/02/06 13:39:31,1,0.330000,0.471820,19.300000,19.438630
455.800000,2024/02/06 13:40:56,1,0.330450,0.465750,19.300000,19.095210
458.810000,2024/02/06 13:56:34,24,0.292420,0.908320,18.200000,18.519020
459.810000,2024/02/06 13:57:59,24,0.298500,0.980470,18.200000,19.033600
461.660000,2024/02/06 13:59:25,24,0.301870,0.894050,18.200000,19.395980
458.440000,2024/02/06 14:01:49,25,0.367330,0.884250,18.566670,21.760670
458.780000,2024/02/06 14:03:15,25,0.368000,0.885520,19.050000,22.255610
458.490000,2024/02/06 14:04:40,25,0.369820,0.746370,19.573330,21.912810
460.890000,2024/02/06 14:06:52,OC3,0.360920,1.191270,20.253330,20.699040
460.420000,2024/02/06 14:08:17,OC3,0.363200,1.062960,20.660000,20.002280
459.890000,2024/02/06 14:09:43,OC3,0.364000,0.997110,20.700000,19.602670
454.610000,2024/02/06 14:12:17,14,0.194400,0.336810,20.500000,18.660620
454.390000,2024/02/06 14:13:42,14,0.243130,0.358620,20.213330,18.541800
454.960000,2024/02/06 14:15:08,14,0.242530,0.281110,19.900000,18.935970
457.520000,2024/02/06 14:17:26,13,0.339950,1.203420,19.890000,19.921140
457.770000,2024/02/06 14:18:51,13,0.344370,1.157290,20.446670,20.053820
458.160000,2024/02/06 14:20:17,13,0.345000,1.075120,20.700000,19.962320
455.790000,2024/02/06 14:22:50,15,0.356750,0.690230,20.630000,20.377060
454.800000,2024/02/06 14:24:16,15,0.361570,0.610150,20.500000,20.597720
454.450000,2024/02/06 14:25:41,15,0.363200,0.728210,20.300000,20.241820
452.580000,2024/02/06 14:27:42,12,0.365080,0.638200,20.256670,19.285620
452.530000,2024/02/06 14:29:09,12,0.369000,0.563710,20.100000,18.585050
452.450000,2024/02/06 14:30:35,12,0.369900,0.649630,19.880000,18.634390
456.330000,2024/02/06 14:33:13,16,0.215600,0.892210,19.500000,19.374200
456.570000,2024/02/06 14:34:40,16,0.298330,0.930100,19.700000,19.429130
456.420000,2024/02/06 14:36:05,16,0.301800,0.848180,19.700000,20.197810
458.740000,2024/02/06 14:38:19,17,0.255830,0.997080,19.900000,19.189370
460.160000,2024/02/06 14:39:44,17,0.309500,1.068710,20.100000,19.233220
460.190000,2024/02/06 14:41:10,17,0.311000,1.050960,20.100000,19.250590
454.260000,2024/02/06 14:43:20,OC5,0.330550,0.626620,20.100000,20.835540
455.990000,2024/02/06 14:44:45,OC5,0.332530,0.645760,19.646670,21.101270
457.310000,2024/02/06 14:46:11,OC5,0.332600,0.748760,19.500000,21.517350
454.320000,2024/02/06 14:48:31,10,0.282170,0.579390,19.293330,19.185440
454.160000,2024/02/06 14:49:58,10,0.286530,0.463830,19.006670,19.197180
454.150000,2024/02/06 14:51:23,10,0.286900,0.568240,18.810000,18.706690
454.250000,2024/02/06 14:54:05,11,0.218400,0.502320,18.480000,18.784800
455.580000,2024/02/06 14:55:31,11,0.365030,0.574330,18.196670,18.745000
454.500000,2024/02/06 14:56:57,11,0.367000,0.572930,18.000000,18.365000
CO2 mean,DATE_TIME initial_value,LABEL,SWC_2 mean,FCO2_DRY,TS_2 mean,TA mean
[umol+1mol-1],[YYYY-MM-DD HH:MM:SS],[#],[m+3m-3],[umol+1m-2s-1],[C],[C]
457.240000,2024/02/07 14:19:15,21,0.349400,1.132590,19.540000,17.067170
455.690000,2024/02/07 14:20:40,21,0.350220,1.167940,19.213330,16.881300
456.540000,2024/02/07 14:22:05,21,0.350370,1.243790,18.836670,17.009330
455.990000,2024/02/07 14:24:17,OC4,0.249050,0.936760,18.770000,18.748950
456.200000,2024/02/07 14:25:42,OC4,0.296070,0.940020,19.153330,18.593800
456.420000,2024/02/07 14:27:07,OC4,0.301050,0.971450,19.300000,18.693040
454.180000,2024/02/07 14:29:20,22,0.358650,0.849710,18.923330,17.403000
454.680000,2024/02/07 14:30:45,22,0.367680,0.867690,18.473330,17.274730
454.590000,2024/02/07 14:32:11,22,0.367750,0.860970,18.050000,16.975370
453.370000,2024/02/07 14:34:11,23,0.363250,0.833190,17.850000,17.392690
454.360000,2024/02/07 14:35:37,23,0.361170,0.857900,18.000000,17.804930
453.380000,2024/02/07 14:37:02,23,0.361400,0.953360,18.000000,17.604730
453.390000,2024/02/07 14:39:16,20,0.307500,0.742610,18.200000,17.350790
453.190000,2024/02/07 14:40:42,20,0.370000,0.667640,18.450000,17.281200
453.190000,2024/02/07 14:42:07,20,0.370000,0.652210,18.736670,16.827490
452.750000,2024/02/07 14:44:26,19,0.281500,0.574550,18.801670,17.520980
453.170000,2024/02/07 14:45:52,19,0.277000,0.647910,18.800000,17.834060
453.380000,2024/02/07 14:47:18,19,0.277870,0.729660,18.626670,17.780040
457.430000,2024/02/07 14:49:55,18,0.154470,1.109940,8.586670,17.652480
455.630000,2024/02/07 14:51:20,18,0.332800,1.042380,18.400000,17.754770
456.320000,2024/02/07 14:52:47,18,0.332000,1.032770,18.200000,17.835410
454.010000,2024/02/07 14:55:24,8,0.341050,0.752380,18.000000,17.189090
453.610000,2024/02/07 14:56:49,8,0.360370,0.766620,18.473330,17.622410
454.350000,2024/02/07 14:58:15,8,0.361000,0.786020,18.760000,18.089130
453.630000,2024/02/07 15:00:35,9,0.188330,0.579480,18.746670,16.447890
455.770000,2024/02/07 15:02:01,9,0.198130,0.574020,18.286670,16.349790
454.890000,2024/02/07 15:03:27,9,0.202020,0.707940,17.995000,16.371450
460.410000,2024/02/07 15:05:44,OC2,0.243180,1.166500,17.559020,17.615510
464.240000,2024/02/07 15:07:10,OC2,0.250300,1.077950,17.843330,18.398840
460.400000,2024/02/07 15:08:36,OC2,0.248450,1.069710,18.230000,18.538750
454.090000,2024/02/07 15:11:20,7,0.220830,0.721890,18.400000,18.358950
454.510000,2024/02/07 15:12:46,7,0.257900,0.813610,18.600000,18.652950
454.790000,2024/02/07 15:14:11,7,0.262000,0.848980,18.600000,18.760870
454.040000,2024/02/07 15:16:22,6,0.348070,0.708450,18.786670,17.457320
454.460000,2024/02/07 15:17:47,6,0.355650,0.721940,18.900000,17.544750
454.570000,2024/02/07 15:19:12,6,0.355770,0.793340,18.900000,17.575080
454.860000,2024/02/07 15:21:42,5,0.297500,0.906980,18.950000,17.357680
455.670000,2024/02/07 15:23:07,5,0.301050,0.867690,19.236670,17.684890
455.690000,2024/02/07 15:24:32,5,0.303200,0.898970,19.300000,17.828500
452.530000,2024/02/07 15:26:35,OC1,0.352150,0.477000,19.225000,18.715060
452.900000,2024/02/07 15:28:01,OC1,0.353570,0.373320,18.573330,19.427250
453.840000,2024/02/07 15:29:26,OC1,0.355000,0.396700,18.200000,19.710240
452.220000,2024/02/07 15:31:31,4,0.267420,0.593400,18.000000,19.216140
452.910000,2024/02/07 15:32:57,4,0.273000,0.617190,18.000000,19.122670
452.750000,2024/02/07 15:34:22,4,0.275870,0.501840,18.000000,19.115370
458.440000,2024/02/07 15:48:56,3,0.211450,1.189170,17.590000,18.770550
458.430000,2024/02/07 15:50:21,3,0.214800,1.208280,17.990000,19.062220
458.050000,2024/02/07 15:51:47,3,0.214670,1.058360,18.266670,19.038340
452.080000,2024/02/07 15:53:53,2,0.157300,0.495100,18.226670,18.413630
452.180000,2024/02/07 15:55:18,2,0.363000,0.527480,17.915000,18.055990
452.760000,2024/02/07 15:56:44,2,0.364000,0.447650,17.443330,17.855670
452.480000,2024/02/07 15:59:09,1,0.240080,0.512360,17.271670,17.250950
451.960000,2024/02/07 16:00:35,1,0.337150,0.458310,17.300000,17.158800
451.900000,2024/02/07 16:02:01,1,0.338000,0.426000,17.241670,17.203520
453.020000,2024/02/07 16:04:11,13,0.201000,0.943500,17.200000,17.322480
453.910000,2024/02/07 16:05:37,13,0.273370,0.856800,16.963330,17.234780
453.830000,2024/02/07 16:07:03,13,0.275000,0.915520,16.800000,17.157120
451.220000,2024/02/07 16:09:15,14,0.184800,0.302960,16.700000,16.742620
451.510000,2024/02/07 16:10:41,14,0.233470,0.276580,16.653330,16.418660
451.760000,2024/02/07 16:12:07,14,0.236330,0.305790,16.500000,16.609740
451.640000,2024/02/07 16:14:30,12,0.360130,0.452850,16.326670,16.762090
451.490000,2024/02/07 16:15:55,12,0.362000,0.449360,16.748330,16.839050
451.790000,2024/02/07 16:17:21,12,0.362000,0.426220,16.800000,16.861930
452.290000,2024/02/07 16:19:25,15,0.283700,0.487930,17.193330,16.831560
453.170000,2024/02/07 16:20:50,15,0.287800,0.385710,17.300000,16.992190
453.160000,2024/02/07 16:22:16,15,0.290630,0.379020,17.300000,16.904200
454.690000,2024/02/07 16:24:40,16,0.276220,0.695130,17.000000,17.133740
454.260000,2024/02/07 16:26:05,16,0.279530,0.707840,17.000000,17.252580
454.240000,2024/02/07 16:27:31,16,0.279200,0.740970,16.800000,17.261350
452.910000,2024/02/07 16:29:51,11,0.336200,0.493790,16.760000,15.416010
452.810000,2024/02/07 16:31:17,11,0.340550,0.394900,16.360000,14.825420
452.770000,2024/02/07 16:32:43,11,0.341000,0.430530,16.086670,14.595480
453.340000,2024/02/07 16:35:10,10,0.170130,0.365930,15.553330,14.729650
452.930000,2024/02/07 16:36:35,10,0.237150,0.508420,15.370000,14.434780
453.920000,2024/02/07 16:38:01,10,0.238570,0.366480,15.086670,14.441760
455.130000,2024/02/07 16:40:02,17,0.123600,0.785040,15.000000,14.562490
456.090000,2024/02/07 16:41:29,17,0.208270,0.771520,14.893330,14.421800
457.930000,2024/02/07 16:42:54,17,0.215070,0.896200,14.653330,14.354680
453.470000,2024/02/07 16:45:14,OC5,0.264000,0.498750,14.320000,14.285860
453.950000,2024/02/07 16:46:41,OC5,0.328470,0.525830,14.076670,13.988920
454.020000,2024/02/07 16:48:06,OC5,0.330000,0.499160,13.866670,13.880450
455.600000,2024/02/07 16:50:39,24,0.334800,0.739840,13.800000,14.444040
456.290000,2024/02/07 16:52:05,24,0.338630,0.691660,13.736670,14.392810
457.090000,2024/02/07 16:53:31,24,0.339130,0.650560,13.686670,14.526100
454.530000,2024/02/07 16:55:38,25,0.314600,0.683280,13.540000,14.852110
457.570000,2024/02/07 16:57:04,25,0.318850,0.678590,13.885000,14.634450
459.420000,2024/02/07 16:58:30,25,0.323070,0.625240,14.113330,14.548050
457.960000,2024/02/07 17:00:37,OC3,0.356670,0.693790,14.433330,14.428840
458.450000,2024/02/07 17:02:03,OC3,0.359400,0.816840,14.480000,14.251740
456.400000,2024/02/07 17:03:28,OC3,0.360000,0.764390,14.396670,14.153220
