,co2_mean,date_time_initial_value,label,swc_2_mean,fco2_dry,ts_2_mean,ta_mean,daym,month,treatment,drying_cycle,dar,tod,rep
1,449.26,3/25/24 11:34,1,0.247,0.36763,15.95,14.17231,25,3,Disturbance,0,0,am,1
2,443.28,3/25/24 11:35,1,0.253,1.11033,16,14.56388,25,3,Disturbance,0,0,am,1
3,446.76,3/25/24 11:37,1,0.2524,0.47313,16,14.03508,25,3,Disturbance,0,0,am,1
4,446.9,3/25/24 11:40,2,0.28573,0.85661,15.8,14.87867,25,3,NPK,0,0,am,1
5,448.23,3/25/24 11:41,2,0.2931,0.77554,15.8,15.82393,25,3,NPK,0,0,am,1
6,447.78,3/25/24 11:42,2,0.295,0.91305,15.85333,16.13416,25,3,NPK,0,0,am,1
7,453.33,3/25/24 11:45,3,0.23097,1.25111,16.17,15.80837,25,3,NPK,0,0,am,1
8,454.17,3/25/24 11:46,3,0.23597,1.2637,16.49667,15.6227,25,3,NPK,0,0,am,1
9,454.1,3/25/24 11:48,3,0.2402,1.25976,16.7,15.33476,25,3,NPK,0,0,am,1
10,448.26,3/25/24 11:51,4,0.15833,0.7933,16.92667,16.10369,25,3,Control,0,0,am,1
11,446.41,3/25/24 11:52,4,0.255,0.78372,17.31,16.46505,25,3,Control,0,0,am,1
12,449.12,3/25/24 11:54,4,0.25593,0.89477,17.5,15.77282,25,3,Control,0,0,am,1
13,448.05,3/25/24 11:57,OC1,0.25468,0.59105,17.57667,16.22453,25,3,Outside_treatments,0,0,am,0
14,448.69,3/25/24 11:58,OC1,0.26063,0.54186,17.7,16.23556,25,3,Outside_treatments,0,0,am,0
15,449.02,3/25/24 11:59,OC1,0.26293,0.56093,17.7,15.69515,25,3,Outside_treatments,0,0,am,0
16,451.96,3/25/24 12:02,5,0.25508,1.08558,17.7,14.64893,25,3,NPK+Disturbance,0,0,pm,1
17,450.96,3/25/24 12:03,5,0.25467,0.96628,17.53333,15.08808,25,3,NPK+Disturbance,0,0,pm,1
18,450.76,3/25/24 12:04,5,0.257,1.07118,17.5,14.4979,25,3,NPK+Disturbance,0,0,pm,1
19,449.64,3/25/24 12:08,6,0.26457,0.82735,17.24333,15.3773,25,3,NPK+Disturbance,0,0,pm,2
20,449.8,3/25/24 12:09,6,0.2674,0.72644,17.3,15.11677,25,3,NPK+Disturbance,0,0,pm,2
21,450.03,3/25/24 12:10,6,0.2676,0.74089,17.36,15.83388,25,3,NPK+Disturbance,0,0,pm,2
22,451.35,3/25/24 12:13,7,0.13795,0.9086,17.60333,15.8112,25,3,Control,0,0,pm,2
23,450.85,3/25/24 12:14,7,0.27073,0.92604,17.88667,15.83132,25,3,Control,0,0,pm,2
24,451.31,3/25/24 12:16,7,0.27437,0.89585,17.96333,15.5206,25,3,Control,0,0,pm,2
25,449.53,3/25/24 12:19,8,0.24583,0.69978,17.41667,13.81175,25,3,Disturbance,0,0,pm,2
26,450.03,3/25/24 12:20,8,0.2445,0.78161,17.3,14.39185,25,3,Disturbance,0,0,pm,2
27,450.19,3/25/24 12:21,8,0.2492,0.68924,17.2,14.07258,25,3,Disturbance,0,0,pm,2
31,456.52,3/25/24 12:30,OC2,0.10348,1.60949,17.09667,14.82266,25,3,Outside_treatments,0,0,pm,0
32,457.16,3/25/24 12:31,OC2,0.104,1.61554,17.29,15.14277,25,3,Outside_treatments,0,0,pm,0
34,450.79,3/25/24 12:34,10,0.264,0.77417,17.43333,14.00622,25,3,NPK,0,0,pm,2
35,450.91,3/25/24 12:36,10,0.2695,0.794,17.075,13.91925,25,3,NPK,0,0,pm,2
36,450.14,3/25/24 12:37,10,0.269,0.89796,16.78333,13.92159,25,3,NPK,0,0,pm,2
37,450.95,3/25/24 12:40,11,0.21047,1.12868,16.32667,14.82612,25,3,NPK,0,0,pm,3
38,451,3/25/24 12:42,11,0.20975,0.90504,16.5,15.51451,25,3,NPK,0,0,pm,3
39,450.68,3/25/24 12:43,11,0.208,1.18792,16.5,15.66169,25,3,NPK,0,0,pm,3
40,447.29,3/25/24 12:45,12,0.29317,0.61284,16.53333,16.10998,25,3,Disturbance,0,0,pm,3
41,448.46,3/25/24 12:47,12,0.29458,0.67344,16.7,14.70182,25,3,Disturbance,0,0,pm,3
42,447.79,3/25/24 12:48,12,0.29698,0.54282,16.49667,14.42041,25,3,Disturbance,0,0,pm,3
43,450.89,3/25/24 12:51,13,0.1424,1.02339,16.04667,14.24818,25,3,NPK+Disturbance,0,0,pm,3
44,450.8,3/25/24 12:53,13,0.1457,0.95244,16.265,14.99449,25,3,NPK+Disturbance,0,0,pm,3
45,450.31,3/25/24 12:54,13,0.1452,0.9984,16.70667,15.40116,25,3,NPK+Disturbance,0,0,pm,3
46,449.79,3/25/24 13:03,14,0.22348,0.59189,16.45667,15.57779,25,3,NPK,0,0,pm,3
47,449.35,3/25/24 13:04,14,0.23043,0.65433,16.84333,16.0377,25,3,NPK,0,0,pm,3
48,449.56,3/25/24 13:06,14,0.23137,0.72606,17.31667,16.37657,25,3,NPK,0,0,pm,3
49,450.31,3/25/24 13:09,15,0.28735,0.84008,17.68,16.08225,25,3,Control,0,0,pm,3
50,451.09,3/25/24 13:10,15,0.2916,0.65501,17.98667,16.95793,25,3,Control,0,0,pm,3
51,450.09,3/25/24 13:11,15,0.29485,0.78655,18.25667,16.84941,25,3,Control,0,0,pm,3
52,452.43,3/25/24 13:14,16,0.22673,0.9863,18.74,17.46149,25,3,Control,0,0,pm,4
53,451.33,3/25/24 13:15,16,0.23012,0.93486,19.07667,18.05732,25,3,Control,0,0,pm,4
54,449.89,3/25/24 13:16,16,0.2324,1.06857,19.36,17.93749,25,3,Control,0,0,pm,4
55,454.82,3/25/24 13:20,17,0.2261,1.5926,19.67,18.86521,25,3,NPK,0,0,pm,4
56,453.79,3/25/24 13:21,17,0.26685,1.5773,20.01333,19.13153,25,3,NPK,0,0,pm,4
57,452.41,3/25/24 13:23,17,0.269,1.41236,20.44,19.17962,25,3,NPK,0,0,pm,4
58,455.63,3/25/24 13:25,18,0.2352,1.64413,20.86,18.56225,25,3,NPK+Disturbance,0,0,pm,4
59,454.28,3/25/24 13:26,18,0.22507,1.72338,21.14667,19.45576,25,3,NPK+Disturbance,0,0,pm,4
60,454.41,3/25/24 13:28,18,0.22067,1.62928,21.43333,18.84544,25,3,NPK+Disturbance,0,0,pm,4
61,448.05,3/25/24 13:31,19,0.188,0.99867,20.9,19.48613,25,3,NPK,0,0,pm,4
62,449.21,3/25/24 13:33,19,0.18725,0.95556,20.98333,19.58954,25,3,NPK,0,0,pm,4
63,448.95,3/25/24 13:34,19,0.18475,0.84102,21.1,19.64008,25,3,NPK,0,0,pm,4
64,452.07,3/25/24 13:36,20,0.2379,1.33582,21.3,18.27481,25,3,Disturbance,0,0,pm,4
65,453.38,3/25/24 13:38,20,0.243,1.39544,21.3,18.30569,25,3,Disturbance,0,0,pm,4
66,452.54,3/25/24 13:39,20,0.243,1.35376,21.1,18.30562,25,3,Disturbance,0,0,pm,4
67,453.56,3/25/24 13:41,21,0.33888,1.54168,20.85333,18.26314,25,3,NPK+Disturbance,0,0,pm,5
68,453.25,3/25/24 13:43,21,0.33907,1.57429,20.5,18.32025,25,3,NPK+Disturbance,0,0,pm,5
69,454.37,3/25/24 13:44,21,0.33903,1.52363,20.30667,17.75476,25,3,NPK+Disturbance,0,0,pm,5
70,454.3,3/25/24 13:46,22,0.36415,1.57533,19.9,17.43959,25,3,Control,0,0,pm,5
71,454.57,3/25/24 13:48,22,0.36557,1.48678,20.01333,18.04997,25,3,Control,0,0,pm,5
72,454.61,3/25/24 13:49,22,0.366,1.70531,20.1,18.00868,25,3,Control,0,0,pm,5
73,450.85,3/25/24 13:52,23,0.19213,1.45542,20.3,17.7668,25,3,Disturbance,0,0,pm,5
74,451.27,3/25/24 13:53,23,0.263,1.46832,20.3,17.99557,25,3,Disturbance,0,0,pm,5
75,451.4,3/25/24 13:55,23,0.263,1.49124,20.18333,18.30114,25,3,Disturbance,0,0,pm,5
76,458.21,3/25/24 13:57,OC4,0.24027,2.48567,19.92333,18.89434,25,3,Outside_treatments,0,0,pm,0
77,458.22,3/25/24 13:58,OC4,0.27195,2.71672,20.1,18.86992,25,3,Outside_treatments,0,0,pm,0
78,461.33,3/25/24 14:00,OC4,0.27547,2.69206,20.1,19.04902,25,3,Outside_treatments,0,0,pm,0
79,451.22,3/25/24 14:02,OC5,0.32733,1.31211,19.91667,18.55128,25,3,Outside_treatments,0,0,pm,0
80,451.37,3/25/24 14:04,OC5,0.33405,1.40782,19.9,18.87973,25,3,Outside_treatments,0,0,pm,0
81,452.19,3/25/24 14:05,OC5,0.33677,1.32815,19.9,18.74245,25,3,Outside_treatments,0,0,pm,0
82,451.91,3/25/24 14:08,24,0.34615,1.71401,19.13,18.76915,25,3,NPK,0,0,pm,5
83,450.91,3/25/24 14:10,24,0.34757,1.52631,19.3,19.86038,25,3,NPK,0,0,pm,5
84,451.58,3/25/24 14:11,24,0.34898,1.53094,19.49667,20.21463,25,3,NPK,0,0,pm,5
85,452.22,3/25/24 14:13,25,0.3203,1.8174,19.94,21.60421,25,3,NPK,0,0,pm,5
86,454.92,3/25/24 14:15,25,0.323,1.84253,20.51333,21.67077,25,3,NPK,0,0,pm,5
87,454.12,3/25/24 14:16,25,0.32585,1.56209,21.08,20.81175,25,3,NPK,0,0,pm,5
88,453.33,3/25/24 14:18,OC3,0.31375,1.57565,21.6,20.54435,25,3,Outside_treatments,0,0,pm,0
89,452.81,3/25/24 14:20,OC3,0.31433,1.47026,21.9,20.42287,25,3,Outside_treatments,0,0,pm,0
90,455.09,3/25/24 14:21,OC3,0.316,1.65326,22.08,20.18351,25,3,Outside_treatments,0,0,pm,0
91,467.64,3/27/24 7:58,1,0.36682,0.52238,14.155,12.70214,27,3,Disturbance,3,1,am,1
92,468.84,3/27/24 8:00,1,0.36877,0.43841,13.77667,12.78176,27,3,Disturbance,3,1,am,1
93,467.6,3/27/24 8:01,1,0.36867,0.36957,13.56667,12.7561,27,3,Disturbance,3,1,am,1
94,471.78,3/27/24 8:04,2,0.234,0.79848,13.3,12.52592,27,3,NPK,3,1,am,1
95,476.07,3/27/24 8:06,2,0.391,0.86495,13.1,12.65214,27,3,NPK,3,1,am,1
96,471.06,3/27/24 8:07,2,0.391,0.79125,13.1,12.62313,27,3,NPK,3,1,am,1
98,479.79,3/27/24 8:10,3,0.34665,1.26803,13.01167,12.40573,27,3,NPK,3,1,am,1
99,478.12,3/27/24 8:12,3,0.34832,1.25354,13,12.40723,27,3,NPK,3,1,am,1
100,467.64,3/27/24 8:15,4,0.3004,0.63099,13.03,12.23813,27,3,Control,3,1,am,1
101,467.97,3/27/24 8:16,4,0.30527,0.68201,13.1,12.30792,27,3,Control,3,1,am,1
102,466.5,3/27/24 8:18,4,0.3073,0.59356,13.1,12.21931,27,3,Control,3,1,am,1
103,467.36,3/27/24 8:22,OC1,0.35532,0.71924,13.1,12.06653,27,3,Outside_treatments,3,1,am,0
104,467.49,3/27/24 8:23,OC1,0.356,0.64899,13.1,12.1446,27,3,Outside_treatments,3,1,am,0
105,466.49,3/27/24 8:25,OC1,0.357,0.58144,13,12.14477,27,3,Outside_treatments,3,1,am,0
106,467.94,3/27/24 8:27,5,0.36442,0.78991,13,12.16001,27,3,NPK+Disturbance,3,1,am,1
107,467.1,3/27/24 8:28,5,0.365,0.94157,12.83,12.18011,27,3,NPK+Disturbance,3,1,am,1
108,470.62,3/27/24 8:30,5,0.366,0.89262,12.8,12.24847,27,3,NPK+Disturbance,3,1,am,1
109,463.48,3/27/24 8:33,6,0.369,0.46004,13,12.18742,27,3,NPK+Disturbance,3,1,am,2
110,475.86,3/27/24 8:34,6,0.371,0.45936,13,12.22408,27,3,NPK+Disturbance,3,1,am,2
111,466.8,3/27/24 8:35,6,0.37187,0.45466,13.08667,12.26954,27,3,NPK+Disturbance,3,1,am,2
112,466.93,3/27/24 8:46,7,0.27587,0.72132,12.74667,12.31696,27,3,Control,3,1,am,2
113,469.94,3/27/24 8:48,7,0.28065,0.86911,12.8,12.4409,27,3,Control,3,1,am,2
114,469.3,3/27/24 8:49,7,0.28163,0.62527,12.8,12.47393,27,3,Control,3,1,am,2
115,467.14,3/27/24 8:53,8,0.35453,0.64813,13,12.31975,27,3,Disturbance,3,1,am,2
116,468.33,3/27/24 8:54,8,0.35737,0.69076,13,12.4005,27,3,Disturbance,3,1,am,2
117,468.29,3/27/24 8:56,8,0.359,0.67527,13,12.41951,27,3,Disturbance,3,1,am,2
123,486,3/27/24 9:13,OC2,0.121,1.90045,13.55,13.05909,27,3,Outside_treatments,3,1,am,0
124,469.82,3/27/24 9:18,10,0.3164,0.94336,13.8,13.14137,27,3,NPK,3,1,am,2
125,473.52,3/27/24 9:19,10,0.32107,0.81174,13.8,13.20592,27,3,NPK,3,1,am,2
126,468.47,3/27/24 9:21,10,0.32297,0.96301,13.8,13.14015,27,3,NPK,3,1,am,2
127,465.87,3/27/24 9:25,11,0.3392,0.99174,13.8,13.27447,27,3,NPK,3,1,am,3
128,466.11,3/27/24 9:27,11,0.341,1.00973,14,13.24515,27,3,NPK,3,1,am,3
129,466.36,3/27/24 9:28,11,0.341,0.94958,14,13.28442,27,3,NPK,3,1,am,3
130,460.01,3/27/24 9:33,12,0.34287,0.43417,13.8,12.94264,27,3,Disturbance,3,1,am,3
131,460.4,3/27/24 9:34,12,0.34665,0.40698,13.8,13.05198,27,3,Disturbance,3,1,am,3
132,460.55,3/27/24 9:36,12,0.349,0.51746,13.8,12.99405,27,3,Disturbance,3,1,am,3
133,462.4,3/27/24 9:41,13,0.2782,0.73697,13.8,13.22058,27,3,NPK+Disturbance,3,1,am,3
134,462.74,3/27/24 9:42,13,0.2815,0.72393,13.8,13.3834,27,3,NPK+Disturbance,3,1,am,3
135,462.33,3/27/24 9:44,13,0.2988,0.67034,13.98667,13.42983,27,3,NPK+Disturbance,3,1,am,3
136,462.58,3/27/24 9:49,14,0.28153,0.57672,14.1,13.53367,27,3,NPK,3,1,am,3
137,460.98,3/27/24 9:50,14,0.31157,0.45533,14.1,13.4837,27,3,NPK,3,1,am,3
138,461.39,3/27/24 9:52,14,0.31,0.45851,14.1,13.50492,27,3,NPK,3,1,am,3
139,463.14,3/27/24 9:56,15,0.264,0.87853,14.1,13.60972,27,3,Control,3,1,am,3
140,464.42,3/27/24 9:58,15,0.36285,0.84606,14.3,13.74148,27,3,Control,3,1,am,3
141,465.01,3/27/24 9:59,15,0.36317,0.87087,14.3,13.77215,27,3,Control,3,1,am,3
142,464.92,3/27/24 10:03,16,0.141,1.08218,14.37833,13.99755,27,3,Control,3,1,am,4
143,465.99,3/27/24 10:05,16,0.37743,1.04669,14.44333,13.99395,27,3,Control,3,1,am,4
144,465.18,3/27/24 10:06,16,0.379,1.01457,14.6,13.96807,27,3,Control,3,1,am,4
145,475.44,3/27/24 10:11,17,0.36613,1.50336,14.6,14.28599,27,3,NPK,3,1,am,4
146,475.88,3/27/24 10:12,17,0.36758,1.34333,14.6,14.32027,27,3,NPK,3,1,am,4
147,475.57,3/27/24 10:14,17,0.368,1.41148,14.7,14.33368,27,3,NPK,3,1,am,4
148,461.65,3/27/24 10:18,18,0.24868,0.90759,14.6,14.22205,27,3,NPK+Disturbance,3,1,am,4
149,462.32,3/27/24 10:20,18,0.35016,0.87716,14.7,14.1643,27,3,NPK+Disturbance,3,1,am,4
150,462.75,3/27/24 10:21,18,0.35158,0.87541,14.7,14.25399,27,3,NPK+Disturbance,3,1,am,4
151,463.89,3/27/24 10:25,19,0.2819,1.04651,14.7,14.35684,27,3,NPK,3,1,am,4
152,464.67,3/27/24 10:27,19,0.362,0.8367,14.7,14.38503,27,3,NPK,3,1,am,4
153,464.1,3/27/24 10:28,19,0.36248,0.94992,14.79667,14.34383,27,3,NPK,3,1,am,4
154,464,3/27/24 10:32,20,0.35375,1.04389,14.85,14.22672,27,3,Disturbance,3,1,am,4
155,464.56,3/27/24 10:34,20,0.35763,0.98215,14.9,14.39117,27,3,Disturbance,3,1,am,4
156,464.32,3/27/24 10:35,20,0.35723,1.01887,14.96167,14.46751,27,3,Disturbance,3,1,am,4
157,462.47,3/27/24 10:40,21,0.35008,1.11603,14.97167,14.97195,27,3,NPK+Disturbance,3,1,am,5
158,464.28,3/27/24 10:42,21,0.379,1.15887,15.03,14.95822,27,3,NPK+Disturbance,3,1,am,5
159,463.37,3/27/24 10:43,21,0.37957,1.24621,15.2,15.07296,27,3,NPK+Disturbance,3,1,am,5
160,465.39,3/27/24 10:51,22,0.407,1.65333,15.595,15.9114,27,3,Control,3,1,am,5
161,463.83,3/27/24 10:52,22,0.407,1.66794,15.95,16.06559,27,3,Control,3,1,am,5
162,464.79,3/27/24 10:54,22,0.407,1.6698,16.03333,16.107,27,3,Control,3,1,am,5
163,456.91,3/27/24 10:58,23,0.165,0.76843,8.25,16.0762,27,3,Disturbance,3,1,am,5
164,458.24,3/27/24 11:00,23,0.3328,0.7338,16.5,16.30588,27,3,Disturbance,3,1,am,5
165,456.36,3/27/24 11:01,23,0.33438,0.75156,16.7,16.49627,27,3,Disturbance,3,1,am,5
166,468.05,3/27/24 11:04,OC4,0.35767,2.12616,16.90667,17.20988,27,3,Outside_treatments,3,1,am,0
167,469.91,3/27/24 11:06,OC4,0.35903,2.22984,17.19333,17.15478,27,3,Outside_treatments,3,1,am,0
168,469.27,3/27/24 11:07,OC4,0.36,2.37614,17.3,16.86681,27,3,Outside_treatments,3,1,am,0
169,460.28,3/27/24 11:10,OC5,0.374,1.13362,17.2,16.22182,27,3,Outside_treatments,3,1,am,0
170,463.61,3/27/24 11:11,OC5,0.374,1.17315,17.04,16.41989,27,3,Outside_treatments,3,1,am,0
171,464.73,3/27/24 11:13,OC5,0.374,1.16388,16.95667,16.33547,27,3,Outside_treatments,3,1,am,0
172,463.54,3/27/24 11:17,24,0.398,1.39873,16.8,15.89299,27,3,NPK,3,1,am,5
173,461.34,3/27/24 11:18,24,0.32503,1.29913,13.72,16.45747,27,3,NPK,3,1,am,5
174,461.31,3/27/24 11:19,24,0.33745,1.3059,14.28,16.67746,27,3,NPK,3,1,am,5
175,463.07,3/27/24 11:22,25,0.22755,1.24049,17.04667,17.40466,27,3,NPK,3,1,am,5
176,460.52,3/27/24 11:24,25,0.37105,1.2234,17.31,17.68044,27,3,NPK,3,1,am,5
177,461,3/27/24 11:25,25,0.37248,1.16334,17.69333,18.08501,27,3,NPK,3,1,am,5
178,464.03,3/27/24 11:27,OC3,0.18898,1.84076,18.09667,17.99515,27,3,Outside_treatments,3,1,am,0
179,463.71,3/27/24 11:29,OC3,0.391,1.59737,18.56667,18.15558,27,3,Outside_treatments,3,1,am,0
180,462.73,3/27/24 11:30,OC3,0.391,1.41729,18.8,17.88284,27,3,Outside_treatments,3,1,am,0
181,446.71,3/27/24 13:50,1,0.35292,1.37407,31.15,26.09626,27,3,Disturbance,3,1,pm,1
182,447.84,3/27/24 13:52,1,0.3537,1.29221,30.595,26.08887,27,3,Disturbance,3,1,pm,1
183,448.9,3/27/24 13:53,1,0.35657,1.34022,30.165,25.86979,27,3,Disturbance,3,1,pm,1
184,445.69,3/27/24 13:55,2,0.34617,1.15704,28.65,25.78645,27,3,NPK,3,1,pm,1
185,448.06,3/27/24 13:57,2,0.3514,1.16812,27.93,26.33903,27,3,NPK,3,1,pm,1
186,447.5,3/27/24 13:58,2,0.35635,1.16595,27.565,26.08557,27,3,NPK,3,1,pm,1
187,464.67,3/27/24 14:00,3,0.20018,3.25174,27.33,26.77901,27,3,NPK,3,1,pm,1
188,467.73,3/27/24 14:02,3,0.15775,2.83445,28.39,27.78866,27,3,NPK,3,1,pm,1
189,464.14,3/27/24 14:03,3,0.24467,2.86824,29.075,27.40862,27,3,NPK,3,1,pm,1
190,447.88,3/27/24 14:06,4,0.35007,2.04212,28.615,25.6249,27,3,Control,3,1,pm,1
191,454.99,3/27/24 14:07,4,0.359,2.25316,28,25.26029,27,3,Control,3,1,pm,1
192,452.54,3/27/24 14:08,4,0.35985,2.10421,27.83,25.3846,27,3,Control,3,1,pm,1
193,447.29,3/27/24 14:11,OC1,0.37113,1.02808,27.5,26.1102,27,3,Outside_treatments,3,1,pm,0
194,446.85,3/27/24 14:12,OC1,0.372,1.12459,27.665,27.8151,27,3,Outside_treatments,3,1,pm,0
195,448.25,3/27/24 14:14,OC1,0.373,1.01955,27.8,27.50083,27,3,Outside_treatments,3,1,pm,0
196,462.28,3/27/24 14:16,5,0.3426,3.07421,27.8,25.14935,27,3,NPK+Disturbance,3,1,pm,1
197,460.67,3/27/24 14:17,5,0.34438,2.86204,27.8,25.07283,27,3,NPK+Disturbance,3,1,pm,1
198,460.62,3/27/24 14:18,5,0.34663,2.84541,27.8,24.74419,27,3,NPK+Disturbance,3,1,pm,1
199,456.51,3/27/24 14:21,6,0.364,1.89417,27.2,23.98462,27,3,NPK+Disturbance,3,1,pm,2
200,456.05,3/27/24 14:22,6,0.36743,1.83241,27.2,24.89935,27,3,NPK+Disturbance,3,1,pm,2
201,458.15,3/27/24 14:23,6,0.36887,1.96188,26.94,24.9109,27,3,NPK+Disturbance,3,1,pm,2
202,451.31,3/27/24 14:26,7,0.3333,1.69034,26.7,25.30703,27,3,Control,3,1,pm,2
203,453.85,3/27/24 14:27,7,0.33653,1.50504,26.7,26.14478,27,3,Control,3,1,pm,2
204,453.7,3/27/24 14:29,7,0.33893,1.45648,26.7,26.16967,27,3,Control,3,1,pm,2
205,453.18,3/27/24 14:31,8,0.323,1.93523,26.9,26.30251,27,3,Disturbance,3,1,pm,2
206,453.08,3/27/24 14:32,8,0.3257,1.83175,26.9,25.37942,27,3,Disturbance,3,1,pm,2
207,453.95,3/27/24 14:33,8,0.32988,1.8315,26.9,24.76687,27,3,Disturbance,3,1,pm,2
208,449.97,3/27/24 14:36,9,0.1984,1.57706,26.9,25.73972,27,3,NPK,3,1,pm,2
209,451.92,3/27/24 14:37,9,0.21395,1.54487,26.9,26.02164,27,3,NPK,3,1,pm,2
210,451.58,3/27/24 14:38,9,0.26713,1.48459,26.9,25.72487,27,3,NPK,3,1,pm,2
211,465.52,3/27/24 14:40,OC2,0.18783,3.61036,26.9,27.36094,27,3,Outside_treatments,3,1,pm,0
212,468.72,3/27/24 14:42,OC2,0.19725,3.49425,27.35,27.92704,27,3,Outside_treatments,3,1,pm,0
213,466.75,3/27/24 14:43,OC2,0.26168,3.46046,27.93667,27.79135,27,3,Outside_treatments,3,1,pm,0
214,449.4,3/27/24 14:46,10,0.3334,1.6084,28,27.07163,27,3,NPK,3,1,pm,2
215,450.15,3/27/24 14:47,10,0.34037,1.52637,27.92667,26.76232,27,3,NPK,3,1,pm,2
216,448.51,3/27/24 14:48,10,0.3418,1.63562,27.8,26.46934,27,3,NPK,3,1,pm,2
217,454.85,3/27/24 14:50,11,0.36243,2.14992,27.5,25.96015,27,3,NPK,3,1,pm,3
218,455.27,3/27/24 14:52,11,0.36732,2.64389,27.8,26.63244,27,3,NPK,3,1,pm,3
219,454.22,3/27/24 14:53,11,0.368,1.74958,27.8,26.87471,27,3,NPK,3,1,pm,3
220,446.81,3/27/24 14:56,12,0.38125,1.26365,28,26.86021,27,3,Disturbance,3,1,pm,3
221,446.35,3/27/24 14:57,12,0.3834,1.34145,27.92,26.59594,27,3,Disturbance,3,1,pm,3
222,445.56,3/27/24 14:58,12,0.384,1.11923,27.55,26.26669,27,3,Disturbance,3,1,pm,3
223,448.82,3/27/24 15:01,13,0.36307,1.99123,27.51,26.55689,27,3,NPK+Disturbance,3,1,pm,3
224,451.06,3/27/24 15:02,13,0.36547,2.05014,27.89333,26.18886,27,3,NPK+Disturbance,3,1,pm,3
225,449.79,3/27/24 15:03,13,0.366,1.97649,27.82,25.86742,27,3,NPK+Disturbance,3,1,pm,3
226,446.72,3/27/24 15:06,14,0.32033,0.96391,27.52,24.86813,27,3,NPK,3,1,pm,3
227,445.95,3/27/24 15:07,14,0.32105,0.89503,27.2,25.6014,27,3,NPK,3,1,pm,3
228,447.17,3/27/24 15:08,14,0.32377,0.96726,26.96885,25.45648,27,3,NPK,3,1,pm,3
229,450.54,3/27/24 15:10,15,0.36,1.37393,26.74,25.49876,27,3,Control,3,1,pm,3
230,449.76,3/27/24 15:12,15,0.37,1.45111,26.4,25.69974,27,3,Control,3,1,pm,3
231,448.57,3/27/24 15:13,15,0.36935,1.41209,26.4,25.62869,27,3,Control,3,1,pm,3
232,452.68,3/27/24 15:15,16,0.2279,1.83372,26.22333,26.0864,27,3,Control,3,1,pm,4
233,450.4,3/27/24 15:17,16,0.26405,1.72444,26.4,25.84608,27,3,Control,3,1,pm,4
234,454.26,3/27/24 15:18,16,0.262,1.74242,26.4,26.07666,27,3,Control,3,1,pm,4
235,453.39,3/27/24 15:20,17,0.35202,2.62162,26.455,25.87651,27,3,NPK,3,1,pm,4
236,453.22,3/27/24 15:22,17,0.374,2.46939,26.35333,26.24859,27,3,NPK,3,1,pm,4
237,456.34,3/27/24 15:23,17,0.37333,2.66126,26.2,26.08908,27,3,NPK,3,1,pm,4
238,450.71,3/27/24 15:25,18,0.3582,1.89352,26.2,25.07755,27,3,NPK+Disturbance,3,1,pm,4
239,451.81,3/27/24 15:27,18,0.35423,2.06467,26.47,25.34797,27,3,NPK+Disturbance,3,1,pm,4
240,452.58,3/27/24 15:28,18,0.35567,2.0166,26.7,24.99194,27,3,NPK+Disturbance,3,1,pm,4
241,447.12,3/27/24 15:30,19,0.36932,1.46172,26.465,25.44958,27,3,NPK,3,1,pm,4
242,445.63,3/27/24 15:32,19,0.373,1.6161,26.35333,25.76293,27,3,NPK,3,1,pm,4
243,449.47,3/27/24 15:33,19,0.37367,1.38577,26.2,25.74631,27,3,NPK,3,1,pm,4
244,451.37,3/27/24 15:35,20,0.36477,2.02338,26.09,25.39805,27,3,Disturbance,3,1,pm,4
245,453.24,3/27/24 15:37,20,0.36307,1.97566,26.18,24.98737,27,3,Disturbance,3,1,pm,4
246,454.56,3/27/24 15:38,20,0.364,1.96277,25.9,24.65495,27,3,Disturbance,3,1,pm,4
247,455.79,3/27/24 15:40,21,0.32895,2.27453,25.175,24.48783,27,3,NPK+Disturbance,3,1,pm,5
248,455.85,3/27/24 15:42,21,0.38827,2.16335,25.04667,24.76091,27,3,NPK+Disturbance,3,1,pm,5
249,455.87,3/27/24 15:43,21,0.389,2.27233,24.9,25.0337,27,3,NPK+Disturbance,3,1,pm,5
250,455.27,3/27/24 15:45,22,0.3287,2.36283,24.9,24.86003,27,3,Control,3,1,pm,5
251,456.84,3/27/24 15:47,22,0.32233,2.15616,24.9,24.74505,27,3,Control,3,1,pm,5
252,455.35,3/27/24 15:48,22,0.32453,2.20408,24.9,24.68283,27,3,Control,3,1,pm,5
253,448.69,3/27/24 15:51,23,0.3298,1.41807,24.9,24.25683,27,3,Disturbance,3,1,pm,5
254,450.4,3/27/24 15:52,23,0.333,1.43064,25.03,24.29304,27,3,Disturbance,3,1,pm,5
255,449.76,3/27/24 15:53,23,0.33378,1.27323,25.05667,24.34127,27,3,Disturbance,3,1,pm,5
256,464.14,3/27/24 15:55,OC4,0.35333,3.28112,24.92667,24.28854,27,3,Outside_treatments,3,1,pm,0
257,466.33,3/27/24 15:57,OC4,0.3606,3.39798,25.1,24.60221,27,3,Outside_treatments,3,1,pm,0
258,462.77,3/27/24 15:58,OC4,0.36272,3.35724,25.1,24.73588,27,3,Outside_treatments,3,1,pm,0
259,450.73,3/27/24 16:01,OC5,0.3232,1.5523,25.385,25.88266,27,3,Outside_treatments,3,1,pm,0
260,453.95,3/27/24 16:02,OC5,0.32162,2.20955,25.1,25.61243,27,3,Outside_treatments,3,1,pm,0
261,454.83,3/27/24 16:03,OC5,0.3218,2.2839,25.1,25.26756,27,3,Outside_treatments,3,1,pm,0
262,453.94,3/27/24 16:06,24,0.3782,2.03723,24.74,24.85142,27,3,NPK,3,1,pm,5
263,454.98,3/27/24 16:07,24,0.379,1.88035,24.9,24.60175,27,3,NPK,3,1,pm,5
264,457.12,3/27/24 16:09,24,0.379,1.9483,24.9,24.51798,27,3,NPK,3,1,pm,5
265,454.02,3/27/24 16:11,25,0.37355,1.79136,24.73667,26.08788,27,3,NPK,3,1,pm,5
266,455.53,3/27/24 16:12,25,0.37538,1.71597,25.02333,26.38615,27,3,NPK,3,1,pm,5
267,455.09,3/27/24 16:14,25,0.376,1.71842,25.1,26.05495,27,3,NPK,3,1,pm,5
268,462.23,3/27/24 16:16,OC3,0.39,3.00219,25.1,25.09132,27,3,Outside_treatments,3,1,pm,0
269,459.46,3/27/24 16:17,OC3,0.39,2.67083,25.01,25.08926,27,3,Outside_treatments,3,1,pm,0
270,461.04,3/27/24 16:18,OC3,0.39089,2.55704,24.9,25.03094,27,3,Outside_treatments,3,1,pm,0
272,450.96,3/28/24 12:28,6,0.3385,1.67559,20.5,20.05586,28,3,Control,3,2,pm,2
273,453.27,3/28/24 12:30,6,0.339,1.29925,20.5,20.19238,28,3,Control,3,2,pm,2
274,450.68,3/28/24 12:35,7,0.32393,1.12543,20.69672,22.3173,28,3,Outside_treatments,3,2,pm,0
275,453.67,3/28/24 12:36,7,0.32525,1.34744,21.18333,22.2949,28,3,Outside_treatments,3,2,pm,0
276,450.59,3/28/24 12:38,7,0.327,1.09434,21.3,22.34671,28,3,Outside_treatments,3,2,pm,0
277,454.05,3/28/24 12:41,8,0.3273,1.67593,21.83,21.97924,28,3,Disturbance,3,2,pm,2
278,453.41,3/28/24 12:42,8,0.331,1.60472,21.9,21.66981,28,3,Disturbance,3,2,pm,2
279,455.23,3/28/24 12:43,8,0.3315,1.50645,22,21.64276,28,3,Disturbance,3,2,pm,2
281,450.54,3/28/24 12:49,9,0.2447,1.15633,23.185,23.05957,28,3,NPK,3,2,pm,2
282,450.76,3/28/24 12:50,9,0.24895,1.32266,23.51,23.12337,28,3,NPK,3,2,pm,2
283,460.53,3/28/24 12:53,OC2,0.11677,2.94353,24.00833,24.02616,28,3,Outside_treatments,3,2,pm,0
284,461.18,3/28/24 12:54,OC2,0.12285,2.63665,24.425,25.46992,28,3,Outside_treatments,3,2,pm,0
286,447.51,3/28/24 12:59,10,0.27642,1.09139,26.2,24.58214,28,3,NPK,3,2,pm,2
287,451.19,3/28/24 13:00,10,0.28,1.24184,26.2,23.51115,28,3,NPK,3,2,pm,2
288,450.06,3/28/24 13:02,10,0.27807,1.10908,26.38667,23.42413,28,3,NPK,3,2,pm,2
289,453.87,3/28/24 13:05,11,0.17967,1.54476,26.4,25.6545,28,3,NPK,3,2,pm,3
290,454.3,3/28/24 13:06,11,0.24617,1.41292,26.7,25.61127,28,3,NPK,3,2,pm,3
291,453.51,3/28/24 13:08,11,0.247,1.4692,26.7,25.74591,28,3,NPK,3,2,pm,3
292,452.56,3/28/24 13:10,12,0.35845,1.67014,26.7,24.11035,28,3,Disturbance,3,2,pm,3
293,453.76,3/28/24 13:12,12,0.34752,1.63297,26.435,23.75513,28,3,Disturbance,3,2,pm,3
294,452.72,3/28/24 13:13,12,0.35332,1.52237,26.4,23.44727,28,3,Disturbance,3,2,pm,3
295,454.42,3/28/24 13:16,13,0.2484,1.95176,25.9,24.59577,28,3,NPK+Disturbance,3,2,pm,3
297,455.56,3/28/24 13:19,13,0.30067,1.75634,26.2,24.19589,28,3,NPK+Disturbance,3,2,pm,3
298,450.18,3/28/24 13:22,14,0.2513,0.84423,25.9,24.78008,28,3,NPK,3,2,pm,3
299,450.88,3/28/24 13:23,14,0.25652,0.84717,25.9,25.45536,28,3,NPK,3,2,pm,3
300,450.65,3/28/24 13:25,14,0.2578,0.78123,26.17,25.444,28,3,NPK,3,2,pm,3
301,452.77,3/28/24 13:28,15,0.27203,1.41999,26.4,26.03418,28,3,Control,3,2,pm,3
302,452.33,3/28/24 13:29,15,0.27393,1.30215,26.54,25.62987,28,3,Control,3,2,pm,3
303,452.49,3/28/24 13:31,15,0.2786,1.2961,26.7,25.18016,28,3,Control,3,2,pm,3
304,457.2,3/28/24 13:34,24,0.34743,2.19664,26.7,25.90408,28,3,NPK,3,2,pm,5
305,457.19,3/28/24 13:36,24,0.34965,2.02392,26.7,26.19528,28,3,NPK,3,2,pm,5
306,456.14,3/28/24 13:37,24,0.35008,1.8607,26.9,25.9752,28,3,NPK,3,2,pm,5
307,456.27,3/28/24 13:40,25,0.2544,2.18733,26.9,28.74687,28,3,NPK,3,2,pm,5
308,456.63,3/28/24 13:41,25,0.32,2.01618,27.2,28.56116,28,3,NPK,3,2,pm,5
309,458.41,3/28/24 13:43,25,0.32,1.97472,27,28.72672,28,3,NPK,3,2,pm,5
310,458.59,3/28/24 13:45,OC3,0.35595,2.62225,26.995,26.59774,28,3,Outside_treatments,3,2,pm,0
311,460.02,3/28/24 13:47,OC3,0.35875,1.99161,27.2,26.65994,28,3,Outside_treatments,3,2,pm,0
312,458.17,3/28/24 13:48,OC3,0.359,1.96492,27.5,27.34221,28,3,Outside_treatments,3,2,pm,0
313,456.43,3/28/24 13:51,OC5,0.31822,1.93661,27.135,26.16737,28,3,Outside_treatments,3,2,pm,0
314,458.65,3/28/24 13:53,OC5,0.3209,2.45212,26.77333,25.76356,28,3,Outside_treatments,3,2,pm,0
315,456.9,3/28/24 13:54,OC5,0.322,1.9767,26.39,25.03008,28,3,Outside_treatments,3,2,pm,0
316,451.76,3/28/24 13:56,23,0.364,1.62062,25.9,24.18078,28,3,Disturbance,3,2,pm,5
317,451.12,3/28/24 13:58,23,0.364,1.73428,25.9,24.26013,28,3,Disturbance,3,2,pm,5
318,452.35,3/28/24 13:59,23,0.364,1.75163,25.88,23.82604,28,3,Disturbance,3,2,pm,5
319,461.27,3/28/24 14:01,18,0.34763,2.77328,25.79,24.94058,28,3,NPK+Disturbance,3,2,pm,4
320,461.36,3/28/24 14:03,18,0.349,2.96691,26.2,25.02281,28,3,NPK+Disturbance,3,2,pm,4
321,460.21,3/28/24 14:04,18,0.34917,2.69309,26.4,24.62698,28,3,NPK+Disturbance,3,2,pm,4
322,458.82,3/28/24 14:06,22,0.38828,2.15385,26.34167,24.06571,28,3,Control,3,2,pm,5
323,460.1,3/28/24 14:08,22,0.389,2.00136,26.7,24.24598,28,3,Control,3,2,pm,5
324,458.77,3/28/24 14:09,22,0.39,2.0176,26.7,24.67936,28,3,Control,3,2,pm,5
325,468.35,3/28/24 14:11,OC4,0.3614,3.9877,26.7,25.15048,28,3,Outside_treatments,3,2,pm,0
326,472.05,3/28/24 14:13,OC4,0.36557,3.44156,26.85667,24.8678,28,3,Outside_treatments,3,2,pm,0
327,467.41,3/28/24 14:14,OC4,0.36722,4.04009,26.85667,24.48576,28,3,Outside_treatments,3,2,pm,0
328,458.26,3/28/24 14:16,21,0.3555,2.37906,26.7,25.60106,28,3,NPK+Disturbance,3,2,pm,5
329,456.74,3/28/24 14:18,21,0.35563,2.14162,26.7,25.63598,28,3,NPK+Disturbance,3,2,pm,5
330,456.82,3/28/24 14:19,21,0.356,2.09218,26.665,25.21357,28,3,NPK+Disturbance,3,2,pm,5
331,461.48,3/28/24 14:21,20,0.33637,2.76329,26.49167,25.11131,28,3,Disturbance,3,2,pm,4
332,461.31,3/28/24 14:23,20,0.3392,2.77757,26.9,24.38574,28,3,Disturbance,3,2,pm,4
333,461.55,3/28/24 14:24,20,0.34,2.39203,26.9,24.42955,28,3,Disturbance,3,2,pm,4
334,450.18,3/28/24 14:26,19,0.26323,1.51874,26.9,26.18455,28,3,NPK,3,2,pm,4
335,451.51,3/28/24 14:28,19,0.26533,1.436,27.1,27.06465,28,3,NPK,3,2,pm,4
336,449.03,3/28/24 14:29,19,0.26617,1.3003,27.225,27.323,28,3,NPK,3,2,pm,4
337,455.64,3/28/24 14:32,16,0.2884,2.0037,27.5,26.78843,28,3,Control,3,2,pm,4
338,453.45,3/28/24 14:33,16,0.313,2.09978,27.39,26.2274,28,3,Control,3,2,pm,4
339,454.25,3/28/24 14:35,16,0.313,1.86224,27.2,25.90278,28,3,Control,3,2,pm,4
340,456.63,3/28/24 14:37,17,0.2734,2.52289,27.2,27.27302,28,3,NPK,3,2,pm,4
341,459.62,3/28/24 14:38,17,0.26443,2.55812,27.565,28.45609,28,3,NPK,3,2,pm,4
342,459.8,3/28/24 14:40,17,0.2998,2.43326,27.8,28.49498,28,3,NPK,3,2,pm,4
343,448.92,3/28/24 14:42,1,0.32125,1.19257,27.2,26.28323,28,3,Disturbance,3,2,pm,1
344,448.94,3/28/24 14:44,1,0.325,1.22431,27.2,26.21322,28,3,Disturbance,3,2,pm,1
345,449.33,3/28/24 14:45,1,0.326,1.09998,27.5,26.06636,28,3,Disturbance,3,2,pm,1
346,450.3,3/28/24 14:47,2,0.335,1.51416,27.2,26.49582,28,3,NPK,3,2,pm,1
347,450.21,3/28/24 14:49,2,0.33777,1.40818,26.97,27.1755,28,3,NPK,3,2,pm,1
348,449.14,3/28/24 14:50,2,0.3382,1.43429,26.64,26.44617,28,3,NPK,3,2,pm,1
349,464.34,3/28/24 14:52,3,0.16433,3.24027,26.48333,27.96448,28,3,NPK,3,2,pm,1
350,464.73,3/28/24 14:54,3,0.166,2.88922,27.25,28.24024,28,3,NPK,3,2,pm,1
351,463.89,3/28/24 14:55,3,0.15308,3.34895,27.8,27.55062,28,3,NPK,3,2,pm,1
352,453.26,3/28/24 14:57,4,0.14985,2.14593,27.665,26.2978,28,3,Control,3,2,pm,1
353,454.56,3/28/24 14:59,4,0.33477,2.09923,27.5,26.17181,28,3,Control,3,2,pm,1
354,453.27,3/28/24 15:00,4,0.336,1.89512,27.5,25.73016,28,3,Control,3,2,pm,1
355,448.01,3/28/24 15:03,OC1,0.3328,1.0721,27.38,26.46969,28,3,Outside_treatments,3,2,pm,0
356,448.21,3/28/24 15:04,OC1,0.33407,1.00919,27.2,26.72612,28,3,Outside_treatments,3,2,pm,0
357,448.63,3/28/24 15:05,OC1,0.336,1.16379,27.2,26.39391,28,3,Outside_treatments,3,2,pm,0
358,459.07,3/28/24 15:08,5,0.3094,2.78995,27.2,25.44609,28,3,NPK+Disturbance,3,2,pm,1
359,460.3,3/28/24 15:09,5,0.31707,2.36774,27.18,25.78495,28,3,NPK+Disturbance,3,2,pm,1
360,458.2,3/28/24 15:10,5,0.318,2.28912,26.8,25.49486,28,3,NPK+Disturbance,3,2,pm,1
361,538.73,3/29/24 8:02,25,0.32843,0.88645,10.28667,5.78449,29,3,NPK,3,3,am,5
362,539.51,3/29/24 8:03,25,0.32997,0.82609,10.10167,5.71329,29,3,NPK,3,3,am,5
363,531.72,3/29/24 8:05,25,0.32958,0.80326,9.75833,5.74649,29,3,NPK,3,3,am,5
364,520.02,3/29/24 8:07,OC3,0.177,0.89359,9.4,5.50668,29,3,Outside_treatments,3,3,am,0
365,522.93,3/29/24 8:08,OC3,0.354,0.75499,9.01333,5.43049,29,3,Outside_treatments,3,3,am,0
366,523.4,3/29/24 8:09,OC3,0.354,0.70407,8.86333,5.33345,29,3,Outside_treatments,3,3,am,0
367,483.76,3/29/24 8:12,24,0.1914,0.78,8.49,5.44487,29,3,NPK,3,3,am,5
368,509.88,3/29/24 8:13,24,0.351,0.78267,8.4,5.43528,29,3,NPK,3,3,am,5
369,511.97,3/29/24 8:15,24,0.35158,0.68451,8.4,5.55637,29,3,NPK,3,3,am,5
370,520.83,3/29/24 8:17,OC5,0.33447,0.5947,8.20667,5.61967,29,3,Outside_treatments,3,3,am,0
371,521.2,3/29/24 8:19,OC5,0.3484,1.04352,8.24,5.79249,29,3,Outside_treatments,3,3,am,0
372,511.36,3/29/24 8:20,OC5,0.349,0.89282,8.3,6.0306,29,3,Outside_treatments,3,3,am,0
373,511.78,3/29/24 8:22,23,0.2616,0.73579,8.21,5.67709,29,3,Disturbance,3,3,am,5
374,510.98,3/29/24 8:23,23,0.26147,0.65306,7.72667,5.47257,29,3,Disturbance,3,3,am,5
375,509.4,3/29/24 8:25,23,0.264,0.79009,7.43667,5.56025,29,3,Disturbance,3,3,am,5
376,504.5,3/29/24 8:27,OC4,0.28305,1.23319,7.2,5.99273,29,3,Outside_treatments,3,3,am,0
377,499.89,3/29/24 8:29,OC4,0.284,1.39445,7.24833,5.94152,29,3,Outside_treatments,3,3,am,0
378,505.41,3/29/24 8:30,OC4,0.284,1.3375,7.39167,6.01214,29,3,Outside_treatments,3,3,am,0
379,498.41,3/29/24 8:36,22,0.368,1.07135,7.5,7.0661,29,3,Control,3,3,am,5
380,490.52,3/29/24 8:37,22,0.369,1.05147,7.4,6.80705,29,3,Control,3,3,am,5
381,496.98,3/29/24 8:39,22,0.369,1.09796,7.4,6.95071,29,3,Control,3,3,am,5
382,480.63,3/29/24 8:41,21,0.24933,0.79351,7.46667,7.71624,29,3,NPK+Disturbance,3,3,am,5
383,496.28,3/29/24 8:42,21,0.3741,0.75026,7.73,7.73995,29,3,NPK+Disturbance,3,3,am,5
384,494.41,3/29/24 8:44,21,0.37445,0.74764,8.055,7.98613,29,3,NPK+Disturbance,3,3,am,5
385,486.13,3/29/24 8:46,20,0.24675,0.64841,8.2,8.00675,29,3,Disturbance,3,3,am,4
386,482.14,3/29/24 8:47,20,0.31778,0.76269,8.07833,7.76955,29,3,Disturbance,3,3,am,4
387,477.74,3/29/24 8:49,20,0.3183,0.70321,8,7.73974,29,3,Disturbance,3,3,am,4
388,476.7,3/29/24 8:51,19,0.31105,0.64745,8,8.50057,29,3,NPK,3,3,am,4
389,476.58,3/29/24 8:52,19,0.3126,0.5862,8.13,8.47446,29,3,NPK,3,3,am,4
390,480.53,3/29/24 8:54,19,0.3125,0.61483,8.35,8.64264,29,3,NPK,3,3,am,4
391,476.33,3/29/24 8:57,18-1,0.2668,0.90408,8.34333,9.40309,29,3,Outside_treatments,3,3,am,0
392,475.37,3/29/24 8:58,18-1,0.311,0.86046,8.3,9.2577,29,3,Outside_treatments,3,3,am,0
393,476.01,3/29/24 9:00,18-1,0.3119,0.9754,8.345,9.38837,29,3,Outside_treatments,3,3,am,0
394,477.83,3/29/24 9:02,17,0.31365,1.01048,8.84,10.37505,29,3,NPK,3,3,am,4
395,481.86,3/29/24 9:03,17,0.36928,0.96527,9.285,10.50123,29,3,NPK,3,3,am,4
396,475.51,3/29/24 9:05,17,0.37,0.98815,9.57333,10.58537,29,3,NPK,3,3,am,4
397,476.17,3/29/24 9:07,16,0.26213,0.74745,9.87667,11.28737,29,3,Control,3,3,am,4
398,478.33,3/29/24 9:08,16,0.243,1.0471,10.12,11.43537,29,3,Control,3,3,am,4
399,479.73,3/29/24 9:10,16,0.29627,0.8267,10.45333,11.72206,29,3,Control,3,3,am,4
400,477.57,3/29/24 9:12,15,0.25573,0.54813,11,12.35622,29,3,Control,3,3,am,3
401,473.35,3/29/24 9:13,15,0.27873,0.64183,11.06333,12.33112,29,3,Control,3,3,am,3
402,469.96,3/29/24 9:15,15,0.2808,0.53508,11.08,12.16832,29,3,Control,3,3,am,3
403,471.03,3/29/24 9:17,14,0.28492,0.42381,11.055,12.57661,29,3,NPK,3,3,am,3
404,473.71,3/29/24 9:19,14,0.2902,0.36933,11.54,13.19577,29,3,NPK,3,3,am,3
405,471.99,3/29/24 9:20,14,0.29303,0.38843,12.01,13.23639,29,3,NPK,3,3,am,3
406,470.03,3/29/24 9:22,13,0.2988,0.63987,12.38,13.22477,29,3,NPK+Disturbance,3,3,am,3
407,471.63,3/29/24 9:24,13,0.29927,0.72334,12.3,12.86005,29,3,NPK+Disturbance,3,3,am,3
408,468.16,3/29/24 9:25,13,0.29993,0.68727,12.3,12.56733,29,3,NPK+Disturbance,3,3,am,3
409,466.81,3/29/24 9:27,1,0.273,0.35702,12.32167,13.49129,29,3,Disturbance,3,3,am,1
410,468.4,3/29/24 9:29,1,0.2743,0.36539,12.53,13.82453,29,3,Disturbance,3,3,am,1
411,468,3/29/24 9:30,1,0.27525,0.43656,12.70833,13.83087,29,3,Disturbance,3,3,am,1
412,466.31,3/29/24 9:32,2,0.34625,0.66564,13.175,13.91058,29,3,NPK,3,3,am,1
413,466.96,3/29/24 9:34,2,0.347,0.63406,13.46833,13.69836,29,3,NPK,3,3,am,1
414,470.38,3/29/24 9:35,2,0.348,0.51501,13.5,13.82257,29,3,NPK,3,3,am,1
415,473.45,3/29/24 9:37,3,0.198,1.11426,13.47833,14.3834,29,3,NPK,3,3,am,1
416,473.21,3/29/24 9:39,3,0.1551,1.01841,13.335,14.0529,29,3,NPK,3,3,am,1
417,473.74,3/29/24 9:40,3,0.18692,1.0501,13.1,13.99751,29,3,NPK,3,3,am,1
418,471.21,3/29/24 9:43,4,0.1785,1.12661,13.1,14.5182,29,3,Control,3,3,am,1
419,470.49,3/29/24 9:44,4,0.30902,0.90116,13.3,14.47388,29,3,Control,3,3,am,1
420,471.09,3/29/24 9:46,4,0.31087,1.04732,13.3,14.47226,29,3,Control,3,3,am,1
421,465.47,3/29/24 9:48,OC1,0.25585,0.54899,13.47167,16.01022,29,3,Outside_treatments,3,3,am,0
422,467.92,3/29/24 9:49,OC1,0.359,0.54388,13.71333,16.01475,29,3,Outside_treatments,3,3,am,0
423,467.55,3/29/24 9:51,OC1,0.359,0.60689,13.91,16.25285,29,3,Outside_treatments,3,3,am,0
424,469.18,3/29/24 9:53,5,0.24418,0.86182,14.26333,17.30013,29,3,NPK+Disturbance,3,3,am,1
425,467.41,3/29/24 9:54,5,0.30125,0.86115,14.4,17.09544,29,3,NPK+Disturbance,3,3,am,1
426,466.28,3/29/24 9:56,5,0.30337,0.82446,14.53667,16.95202,29,3,NPK+Disturbance,3,3,am,1
427,466.02,3/29/24 9:58,6,0.30003,0.60155,14.90167,17.1431,29,3,NPK+Disturbance,3,3,am,2
428,461.81,3/29/24 10:00,6,0.3029,0.59771,15,16.91721,29,3,NPK+Disturbance,3,3,am,2
429,463.23,3/29/24 10:01,6,0.304,0.53997,15,17.11946,29,3,NPK+Disturbance,3,3,am,2
430,461.49,3/29/24 10:03,7,0.30853,0.84635,15.02667,17.0335,29,3,Control,3,3,am,2
431,460.27,3/29/24 10:05,7,0.31145,0.84003,15.365,16.90511,29,3,Control,3,3,am,2
432,460.51,3/29/24 10:06,7,0.31293,0.81221,15.69333,16.4909,29,3,Control,3,3,am,2
433,458.79,3/29/24 10:08,8,0.34217,0.6835,16.05,17.77394,29,3,Disturbance,3,3,am,2
434,457.83,3/29/24 10:10,8,0.3442,0.69039,16.42,18.08619,29,3,Disturbance,3,3,am,2
435,456.81,3/29/24 10:11,8,0.34407,0.72848,16.70333,18.39866,29,3,Disturbance,3,3,am,2
436,456.91,3/29/24 10:14,9,0.1428,0.80338,17.18,17.70864,29,3,NPK,3,3,am,2
437,454.3,3/29/24 10:15,9,0.23997,0.83312,17.50333,17.75596,29,3,NPK,3,3,am,2
438,456.27,3/29/24 10:17,9,0.23887,0.7927,17.78667,17.75683,29,3,NPK,3,3,am,2
439,459.37,3/29/24 10:19,OC2,0.14763,1.62504,18.28667,19.8329,29,3,Outside_treatments,3,3,am,0
440,464.02,3/29/24 10:20,OC2,0.21493,1.53948,18.92667,20.14644,29,3,Outside_treatments,3,3,am,0
441,463.09,3/29/24 10:22,OC2,0.24813,1.71028,19.21333,20.19476,29,3,Outside_treatments,3,3,am,0
442,453.36,3/29/24 10:24,10,0.25758,0.77126,19.31667,18.63571,29,3,NPK,3,3,am,2
443,455.43,3/29/24 10:25,10,0.283,0.8156,18.8,18.29925,29,3,NPK,3,3,am,2
444,454.1,3/29/24 10:27,10,0.28577,0.83124,18.29333,18.13698,29,3,NPK,3,3,am,2
445,455.64,3/29/24 10:29,11,0.29608,0.97018,18,19.44162,29,3,NPK,3,3,am,3
446,456.06,3/29/24 10:30,11,0.30175,1.0621,18.67,19.27263,29,3,NPK,3,3,am,3
447,457.4,3/29/24 10:32,11,0.305,0.87101,18.8,19.18284,29,3,NPK,3,3,am,3
448,452.41,3/29/24 10:34,12,0.36002,0.50254,18.6,18.9734,29,3,Disturbance,3,3,am,3
449,452.57,3/29/24 10:36,12,0.36143,0.62954,18.51333,18.70175,29,3,Disturbance,3,3,am,3
450,452.5,3/29/24 10:37,12,0.36287,0.649,18.4,18.73643,29,3,Disturbance,3,3,am,3
451,471.82,4/1/24 8:09,13,0.104,1.02911,17.245,16.55303,1,4,NPK+Disturbance,3,6,am,3
454,469.49,4/1/24 8:15,14,0.15787,0.52185,16.92333,16.65416,1,4,NPK,3,6,am,3
455,468.67,4/1/24 8:16,14,0.25907,0.54185,17,16.62557,1,4,NPK,3,6,am,3
456,469.49,4/1/24 8:17,14,0.261,0.66754,17,16.62828,1,4,NPK,3,6,am,3
457,472.74,4/1/24 8:20,15,0.1635,0.70865,16.95,16.78178,1,4,Control,3,6,am,3
458,469.5,4/1/24 8:21,15,0.2185,0.6324,17,16.75636,1,4,Control,3,6,am,3
459,472.87,4/1/24 8:23,15,0.221,0.56063,16.88,16.74045,1,4,Control,3,6,am,3
460,473.46,4/1/24 8:25,12,0.13832,0.4475,16.94333,17.12612,1,4,Disturbance,3,6,am,3
461,469.5,4/1/24 8:26,12,0.1956,0.44516,17,17.0316,1,4,Disturbance,3,6,am,3
462,468.93,4/1/24 8:27,12,0.1947,0.41828,17,17.07832,1,4,Disturbance,3,6,am,3
466,479.71,4/1/24 8:35,17,0.15993,1.90775,17.2,17.03755,1,4,NPK,3,6,am,4
467,486.47,4/1/24 8:36,17,0.16747,1.7248,17.2,16.84168,1,4,NPK,3,6,am,4
468,481.5,4/1/24 8:38,17,0.1716,1.92025,17.2,16.82756,1,4,NPK,3,6,am,4
472,473.98,4/1/24 8:46,11,0.30905,1.04002,17.2,17.34365,1,4,NPK,3,6,am,3
473,472.13,4/1/24 8:47,11,0.31047,1.07516,17.2,17.24665,1,4,NPK,3,6,am,3
474,471.46,4/1/24 8:49,11,0.31188,1.20718,17.2,17.2313,1,4,NPK,3,6,am,3
475,473,4/1/24 8:51,10,0.20177,0.98638,17.2,17.28431,1,4,NPK,3,6,am,2
476,470.18,4/1/24 8:53,10,0.199,1.08527,17.2,17.11004,1,4,NPK,3,6,am,2
477,473.71,4/1/24 8:54,10,0.203,1.1608,17.15333,17.08013,1,4,NPK,3,6,am,2
478,480.25,4/1/24 8:56,OC2,0.228,1.86441,17.2,17.67376,1,4,Outside_treatments,3,6,am,0
479,482.26,4/1/24 8:58,OC2,0.228,1.81213,17.27333,17.69181,1,4,Outside_treatments,3,6,am,0
480,479.27,4/1/24 8:59,OC2,0.22785,2.04743,17.3,17.74309,1,4,Outside_treatments,3,6,am,0
481,470.36,4/1/24 9:01,9,0.108,1.07489,17.6,17.88609,1,4,NPK,3,6,am,2
482,470.41,4/1/24 9:03,9,0.10627,1.07144,17.7,17.79613,1,4,NPK,3,6,am,2
483,469.43,4/1/24 9:04,9,0.106,1.10622,17.7,17.86732,1,4,NPK,3,6,am,2
484,465.59,4/1/24 9:06,8,0.13375,0.78307,17.78333,18.45636,1,4,Disturbance,3,6,am,2
485,463.78,4/1/24 9:08,8,0.132,0.87453,17.98167,18.58537,1,4,Disturbance,3,6,am,2
486,461.29,4/1/24 9:09,8,0.1323,0.98014,18,18.92225,1,4,Disturbance,3,6,am,2
488,463.16,4/1/24 9:13,19,0.113,1.01559,18.39,19.19165,1,4,NPK,3,6,am,4
489,463.3,4/1/24 9:14,19,0.106,0.92323,18.4,19.1537,1,4,NPK,3,6,am,4
491,464.29,4/1/24 9:18,20,0.156,0.97929,18.6,19.59783,1,4,Disturbance,3,6,am,4
492,462.44,4/1/24 9:19,20,0.159,1.00306,18.8,19.65204,1,4,Disturbance,3,6,am,4
493,461.6,4/1/24 9:21,21,0.14167,1.33273,18.85667,20.28424,1,4,NPK+Disturbance,3,6,am,5
494,467.07,4/1/24 9:23,21,0.247,1.30055,18.9,20.05255,1,4,NPK+Disturbance,3,6,am,5
495,465.39,4/1/24 9:24,21,0.247,1.36197,18.8,20.09022,1,4,NPK+Disturbance,3,6,am,5
498,476.22,4/1/24 9:29,OC4,0.141,3.09792,19.19667,20.81951,1,4,Outside_treatments,3,6,am,0
499,467.25,4/1/24 9:32,22,0.198,1.90292,19.59333,21.1887,1,4,Control,3,6,am,5
500,467.75,4/1/24 9:33,22,0.27283,1.90578,19.9,21.11638,1,4,Control,3,6,am,5
501,464.9,4/1/24 9:35,22,0.272,1.79271,19.9,21.21694,1,4,Control,3,6,am,5
503,460.37,4/1/24 9:38,23,0.1116,0.92986,20.1,20.44965,1,4,Disturbance,3,6,am,5
504,460.23,4/1/24 9:39,23,0.2017,0.97438,20.1,20.45537,1,4,Disturbance,3,6,am,5
505,463.09,4/1/24 9:42,OC5,0.1566,1.60148,20.1,20.97977,1,4,Outside_treatments,3,6,am,0
506,463.4,4/1/24 9:43,OC5,0.17133,1.74161,20.3,21.08602,1,4,Outside_treatments,3,6,am,0
507,463.98,4/1/24 9:45,OC5,0.17,1.68078,20.3,20.97552,1,4,Outside_treatments,3,6,am,0
508,461.72,4/1/24 9:47,24,0.27428,1.46789,20.3,20.82696,1,4,NPK,3,6,am,5
509,461.22,4/1/24 9:49,24,0.27643,1.60876,20.15667,20.61724,1,4,NPK,3,6,am,5
510,461.13,4/1/24 9:50,24,0.277,1.46357,20.1,20.67952,1,4,NPK,3,6,am,5
511,461.1,4/1/24 9:52,25,0.19318,1.61235,20.13667,21.59004,1,4,NPK,3,6,am,5
512,461.23,4/1/24 9:54,25,0.1958,1.46487,20.42,21.53062,1,4,NPK,3,6,am,5
513,461.93,4/1/24 9:55,25,0.20083,2.08695,20.7,21.76936,1,4,NPK,3,6,am,5
514,459.93,4/1/24 9:57,OC3,0.2603,1.2994,20.92,22.08483,1,4,Outside_treatments,3,6,am,0
515,460.25,4/1/24 9:58,OC3,0.26407,1.20761,21.1,22.19905,1,4,Outside_treatments,3,6,am,0
516,459.96,4/1/24 10:00,OC3,0.265,1.20774,21.1,22.18201,1,4,Outside_treatments,3,6,am,0
517,455.72,4/1/24 10:03,1,0.1276,0.75429,21.42,22.1379,1,4,Disturbance,3,6,am,1
518,456.01,4/1/24 10:04,1,0.128,0.63428,21.50333,22.35308,1,4,Disturbance,3,6,am,1
519,456.42,4/1/24 10:05,1,0.12665,0.63601,21.7,22.49371,1,4,Disturbance,3,6,am,1
520,453.59,4/1/24 10:08,2,0.18323,0.70222,21.85333,21.95741,1,4,NPK,3,6,am,1
521,453.55,4/1/24 10:09,2,0.23973,0.7464,21.86333,21.89498,1,4,NPK,3,6,am,1
522,454.94,4/1/24 10:11,2,0.243,0.71251,21.7,21.99818,1,4,NPK,3,6,am,1
523,463.13,4/1/24 10:13,3,0.13467,1.67362,21.67333,22.10289,1,4,NPK,3,6,am,1
524,464.21,4/1/24 10:14,3,0.118,1.74496,21.7,22.3556,1,4,NPK,3,6,am,1
525,463.47,4/1/24 10:16,3,0.118,1.9157,21.84333,22.23631,1,4,NPK,3,6,am,1
526,454.39,4/1/24 10:18,4,0.2033,0.99613,21.9,21.9613,1,4,Control,3,6,am,1
527,453.93,4/1/24 10:20,4,0.20425,0.89376,21.9,22.09678,1,4,Control,3,6,am,1
528,455.43,4/1/24 10:21,4,0.20142,0.92037,21.9,22.12124,1,4,Control,3,6,am,1
529,451.81,4/1/24 10:23,OC1,0.276,0.70449,21.9,22.96162,1,4,Outside_treatments,3,6,am,0
530,453.76,4/1/24 10:25,OC1,0.276,0.7903,21.9,22.92932,1,4,Outside_treatments,3,6,am,0
531,452.45,4/1/24 10:26,OC1,0.2753,0.80266,21.85333,22.97478,1,4,Outside_treatments,3,6,am,0
532,456.47,4/1/24 10:28,5,0.182,1.3101,21.76,22.57961,1,4,NPK+Disturbance,3,6,am,1
533,457.58,4/1/24 10:30,5,0.182,1.36725,21.9,22.6442,1,4,NPK+Disturbance,3,6,am,1
534,458.15,4/1/24 10:31,5,0.18,1.39397,21.87333,22.41315,1,4,NPK+Disturbance,3,6,am,1
535,455.33,4/1/24 10:33,6,0.1721,0.89747,21.96,22.40398,1,4,NPK+Disturbance,3,6,am,2
536,454.81,4/1/24 10:35,6,0.17,0.9092,22.1,22.4914,1,4,NPK+Disturbance,3,6,am,2
537,454.52,4/1/24 10:36,6,0.17,0.9019,22.1,22.38357,1,4,NPK+Disturbance,3,6,am,2
538,461.01,4/1/24 10:38,7,0.225,1.05956,22.1,22.46637,1,4,Control,3,6,am,2
539,456.54,4/1/24 10:40,7,0.2313,1.13448,22.33,22.5532,1,4,Control,3,6,am,2
540,456.74,4/1/24 10:41,7,0.2286,1.15792,22.4,22.53084,1,4,Control,3,6,am,2
541,522.22,1/29/24 11:54,1,0.348,0.57221,15.16667,15.43371,29,1,Disturbance,1,1,am,1
542,451.6,1/29/24 11:56,1,0.348,0.44579,14.94,15.18838,29,1,Disturbance,1,1,am,1
543,451.78,1/29/24 11:57,1,0.33407,0.46384,15.21,15.34329,29,1,Disturbance,1,1,am,1
544,453.64,1/29/24 12:04,13,0.32707,0.98065,15.30667,16.18527,29,1,NPK+Disturbance,1,1,pm,3
545,453.81,1/29/24 12:05,13,0.33,0.96219,15.54,15.84274,29,1,NPK+Disturbance,1,1,pm,3
546,454.15,1/29/24 12:07,13,0.33062,1.05526,15.76167,15.80459,29,1,NPK+Disturbance,1,1,pm,3
547,451.66,1/29/24 12:14,14,0.1986,0.42721,15.7,15.57103,29,1,NPK,1,1,pm,3
549,452.69,1/29/24 12:17,14,0.1224,0.37553,9.6,15.93062,29,1,NPK,1,1,pm,3
550,453.92,1/29/24 12:21,24,0.31785,0.87007,16.05667,15.82384,29,1,NPK,1,1,pm,5
551,453.75,1/29/24 12:23,24,0.32,0.73357,16.2,16.34526,29,1,NPK,1,1,pm,5
552,453.85,1/29/24 12:24,24,0.32,0.73085,16.32667,16.34346,29,1,NPK,1,1,pm,5
553,458.04,1/29/24 12:29,OC3,0.384,1.19533,16.21667,16.18895,29,1,Outside_treatments,1,1,pm,0
554,457.3,1/29/24 12:31,OC3,0.384,1.08285,16.53333,16.66627,29,1,Outside_treatments,1,1,pm,0
555,457.64,1/29/24 12:32,OC3,0.384,1.01443,16.7,17.06715,29,1,Outside_treatments,1,1,pm,0
556,456.96,1/29/24 12:36,25,0.31525,1.01418,17.01667,18.38518,29,1,NPK,1,1,pm,5
557,456.17,1/29/24 12:38,25,0.31852,0.96179,17.2,18.75382,29,1,NPK,1,1,pm,5
558,456.38,1/29/24 12:39,25,0.32273,0.95272,17.2,19.33436,29,1,NPK,1,1,pm,5
559,455.16,1/29/24 12:43,16,0.29513,0.8478,16.8,16.17298,29,1,Control,1,1,pm,4
560,456.34,1/29/24 12:45,16,0.29893,1.0657,16.75167,16.30096,29,1,Control,1,1,pm,4
561,455.99,1/29/24 12:46,16,0.2982,1.01294,16.7,16.12081,29,1,Control,1,1,pm,4
562,457.08,1/29/24 12:51,17,0.245,0.98851,16.26667,16.79014,29,1,NPK,1,1,pm,4
563,457.78,1/29/24 12:52,17,0.2521,1.0668,16.32,16.80428,29,1,NPK,1,1,pm,4
564,457.63,1/29/24 12:54,17,0.25353,1.11508,16.5,16.73229,29,1,NPK,1,1,pm,4
565,453.61,1/29/24 12:58,OC5,0.23393,0.66314,16.5,18.54087,29,1,Outside_treatments,1,1,pm,0
566,454.28,1/29/24 12:59,OC5,0.31983,0.69417,16.5,18.89025,29,1,Outside_treatments,1,1,pm,0
567,453.66,1/29/24 13:01,OC5,0.319,0.65787,16.5,19.21079,29,1,Outside_treatments,1,1,pm,0
568,452.55,1/29/24 13:04,23,0.3454,0.64555,16.59,16.62585,29,1,Disturbance,1,1,pm,5
569,452.99,1/29/24 13:06,23,0.344,0.66656,16.94333,16.35933,29,1,Disturbance,1,1,pm,5
570,453.36,1/29/24 13:07,23,0.343,0.67164,16.97,15.84793,29,1,Disturbance,1,1,pm,5
571,455.82,1/29/24 13:11,OC4,0.362,1.12447,16.5,17.43567,29,1,Outside_treatments,1,1,pm,0
572,456.19,1/29/24 13:12,OC4,0.36143,0.85734,16.88667,17.91116,29,1,Outside_treatments,1,1,pm,0
573,457.42,1/29/24 13:14,OC4,0.362,0.90715,17.17333,18.38358,29,1,Outside_treatments,1,1,pm,0
574,455.97,1/29/24 13:18,22,0.378,0.84017,17.30333,16.29433,29,1,Control,1,1,pm,5
575,455.77,1/29/24 13:19,22,0.378,0.94652,17.58667,16.45729,29,1,Control,1,1,pm,5
576,456.24,1/29/24 13:21,22,0.378,1.13693,17.87333,16.52902,29,1,Control,1,1,pm,5
577,461.05,1/29/24 13:25,21,0.28308,1.60858,17.75667,16.85067,29,1,NPK+Disturbance,1,1,pm,5
578,460.07,1/29/24 13:26,21,0.395,1.49393,17.47333,16.92913,29,1,NPK+Disturbance,1,1,pm,5
579,460.12,1/29/24 13:28,21,0.395,1.49007,17.3,16.91633,29,1,NPK+Disturbance,1,1,pm,5
580,453.86,1/29/24 13:32,20,0.39248,0.81652,17.3,16.16341,29,1,Disturbance,1,1,pm,4
581,453.58,1/29/24 13:33,20,0.392,0.76663,17.205,15.66091,29,1,Disturbance,1,1,pm,4
582,453.84,1/29/24 13:34,20,0.391,0.7012,16.92333,15.36538,29,1,Disturbance,1,1,pm,4
583,454.88,1/29/24 13:39,19,0.21167,0.79977,16.66667,17.33348,29,1,NPK,1,1,pm,4
584,456.15,1/29/24 13:40,19,0.253,0.97218,16.725,17.15445,29,1,NPK,1,1,pm,4
585,455.81,1/29/24 13:42,19,0.255,0.84132,16.8,17.19391,29,1,NPK,1,1,pm,4
586,457.88,1/29/24 13:46,18,0.32595,1.48229,17.265,16.34024,29,1,NPK+Disturbance,1,1,pm,4
587,458.92,1/29/24 13:47,18,0.368,1.60696,17.56333,16.58507,29,1,NPK+Disturbance,1,1,pm,4
588,458.16,1/29/24 13:49,18,0.368,1.43383,17.7,16.53204,29,1,NPK+Disturbance,1,1,pm,4
589,452.97,1/29/24 14:34,7,0.2681,0.70764,17.51,17.92584,29,1,Control,1,1,pm,2
590,453.31,1/29/24 14:35,7,0.26952,0.75614,17.845,18.57134,29,1,Control,1,1,pm,2
591,452.9,1/29/24 14:37,7,0.27175,0.77455,18,18.01583,29,1,Control,1,1,pm,2
592,461.25,1/29/24 14:41,6,0.2101,2.1676,18.22,16.91476,29,1,NPK+Disturbance,1,1,pm,2
593,462.1,1/29/24 14:42,6,0.38297,1.71784,18.4,17.13166,29,1,NPK+Disturbance,1,1,pm,2
594,458.76,1/29/24 14:43,6,0.383,1.55129,18.4,16.9152,29,1,NPK+Disturbance,1,1,pm,2
595,453.45,1/29/24 14:47,8,0.3104,0.95703,18.72,17.45033,29,1,Disturbance,1,1,pm,2
596,453.13,1/29/24 14:48,8,0.387,0.83883,18.94667,17.82581,29,1,Disturbance,1,1,pm,2
597,453.72,1/29/24 14:50,8,0.387,1.01515,19.1,17.69582,29,1,Disturbance,1,1,pm,2
598,458.27,1/29/24 14:53,5,0.33642,1.41935,18.91667,16.31153,29,1,NPK+Disturbance,1,1,pm,1
599,458.09,1/29/24 14:54,5,0.366,1.33697,18.73333,16.38522,29,1,NPK+Disturbance,1,1,pm,1
600,457.51,1/29/24 14:56,5,0.366,1.18103,18.6,16.45328,29,1,NPK+Disturbance,1,1,pm,1
601,447.16,1/29/24 15:05,OC1,0.3494,1.06609,17.5,17.37261,29,1,Outside_treatments,1,1,pm,0
602,450.48,1/29/24 15:07,OC1,0.35,0.39401,17.5,16.84674,29,1,Outside_treatments,1,1,pm,0
603,451.13,1/29/24 15:08,OC1,0.35,0.37247,17.3,16.86616,29,1,Outside_treatments,1,1,pm,0
604,453.57,1/29/24 15:13,9,0.19345,0.95098,17.3,17.17668,29,1,NPK,1,1,pm,2
605,453.97,1/29/24 15:14,9,0.22627,0.88724,17.26833,17.17446,29,1,NPK,1,1,pm,2
606,454.73,1/29/24 15:16,9,0.23193,0.83239,17.2,17.32849,29,1,NPK,1,1,pm,2
607,461.08,1/29/24 15:19,OC2,0.2664,1.54345,17.23,18.55122,29,1,Outside_treatments,1,1,pm,0
608,465.86,1/29/24 15:20,OC2,0.2732,1.55348,17.71333,19.02835,29,1,Outside_treatments,1,1,pm,0
609,462.74,1/29/24 15:22,OC2,0.27793,1.44678,18.19,19.01226,29,1,Outside_treatments,1,1,pm,0
610,451.47,1/29/24 15:25,10,0.29293,0.53652,18.2,17.65375,29,1,NPK,1,1,pm,2
611,451.79,1/29/24 15:27,10,0.29683,0.6116,18.01667,17.25743,29,1,NPK,1,1,pm,2
612,452.84,1/29/24 15:28,10,0.3,0.52197,17.63333,17.30863,29,1,NPK,1,1,pm,2
614,451.19,1/29/24 15:33,4,0.33577,0.58561,17.5,18.07027,29,1,Control,1,1,pm,1
615,452.05,1/29/24 15:34,4,0.3363,0.54509,17.5,17.79757,29,1,Control,1,1,pm,1
616,452.86,1/29/24 15:38,11,0.32067,0.70322,17.3,17.16634,29,1,NPK,1,1,pm,3
617,452.64,1/29/24 15:39,11,0.3713,0.66315,17.14,16.41305,29,1,NPK,1,1,pm,3
618,452.57,1/29/24 15:41,11,0.372,0.63931,16.85667,16.07005,29,1,NPK,1,1,pm,3
619,453.83,1/29/24 15:44,12,0.37513,1.25562,16.22,15.75708,29,1,Disturbance,1,1,pm,3
620,452.41,1/29/24 15:45,12,0.37543,0.83512,15.53,15.45805,29,1,Disturbance,1,1,pm,3
621,453.04,1/29/24 15:47,12,0.375,1.12342,15,15.83281,29,1,Disturbance,1,1,pm,3
622,451.64,1/29/24 15:49,15,0.19192,0.53764,14.81667,16.91033,29,1,Control,1,1,pm,3
623,451.5,1/29/24 15:51,15,0.332,0.52351,15,16.66356,29,1,Control,1,1,pm,3
624,451.8,1/29/24 15:52,15,0.33387,0.48072,15.28667,16.6549,29,1,Control,1,1,pm,3
625,458.77,1/29/24 15:57,3,0.12045,1.14649,15.865,16.59636,29,1,NPK,1,1,pm,1
626,456.18,1/29/24 15:59,3,0.22195,1.30626,16.68833,16.72476,29,1,NPK,1,1,pm,1
627,456.55,1/29/24 16:00,3,0.226,1.39342,17.12,16.88388,29,1,NPK,1,1,pm,1
628,450.36,1/29/24 16:03,2,0.315,0.48877,17.5,15.89497,29,1,NPK,1,1,pm,1
629,450.64,1/29/24 16:04,2,0.3183,0.57329,17.02667,15.44549,29,1,NPK,1,1,pm,1
630,449.94,1/29/24 16:06,2,0.31913,0.40945,16.54,15.42083,29,1,NPK,1,1,pm,1
631,457.01,1/30/24 12:18,7,0.344,0.5687,16,17.04012,30,1,Control,1,2,pm,2
632,457.72,1/30/24 12:20,7,0.34457,0.60545,16,17.12754,30,1,Control,1,2,pm,2
633,458.37,1/30/24 12:21,7,0.345,0.57278,16,17.15223,30,1,Control,1,2,pm,2
634,456.82,1/30/24 12:24,6,0.36453,0.69421,16.39,16.85554,30,1,NPK+Disturbance,1,2,pm,2
635,456.85,1/30/24 12:25,6,0.36505,0.65764,16.7,16.87979,30,1,NPK+Disturbance,1,2,pm,2
636,456.89,1/30/24 12:27,6,0.366,0.6912,16.7,16.36781,30,1,NPK+Disturbance,1,2,pm,2
637,456.63,1/30/24 12:29,8,0.37305,0.64979,16.73,16.99052,30,1,Disturbance,1,2,pm,2
638,457.85,1/30/24 12:31,8,0.37448,0.64594,17.49333,17.66604,30,1,Disturbance,1,2,pm,2
639,455.89,1/30/24 12:32,8,0.375,0.60655,17.97,17.5935,30,1,Disturbance,1,2,pm,2
640,458.13,1/30/24 12:35,5,0.25147,0.94563,18.13667,16.46334,30,1,NPK+Disturbance,1,2,pm,1
641,459.37,1/30/24 12:36,5,0.369,0.87808,18.42,16.79842,30,1,NPK+Disturbance,1,2,pm,1
642,459.67,1/30/24 12:38,5,0.36953,0.917,18.6,16.81619,30,1,NPK+Disturbance,1,2,pm,1
643,455.66,1/30/24 12:40,OC1,0.30333,0.35268,18.61333,17.75758,30,1,Outside_treatments,1,2,pm,0
644,456.66,1/30/24 12:42,OC1,0.3287,0.39706,18.095,18.48349,30,1,Outside_treatments,1,2,pm,0
645,456.45,1/30/24 12:43,OC1,0.33078,0.39862,17.58667,18.66282,30,1,Outside_treatments,1,2,pm,0
646,458.72,1/30/24 12:46,9,0.1843,0.80136,17.24333,17.02196,30,1,NPK,1,2,pm,2
647,458.55,1/30/24 12:47,9,0.23613,0.67437,17.3,17.55957,30,1,NPK,1,2,pm,2
648,459.18,1/30/24 12:49,9,0.2393,0.69637,17.3,17.89483,30,1,NPK,1,2,pm,2
649,460.91,1/30/24 12:51,OC2,0.25415,1.07349,17.895,19.30644,30,1,Outside_treatments,1,2,pm,0
650,460.82,1/30/24 12:53,OC2,0.30253,1.16862,19.11333,19.38067,30,1,Outside_treatments,1,2,pm,0
651,461.03,1/30/24 12:54,OC2,0.304,1.03828,20.12,19.55512,30,1,Outside_treatments,1,2,pm,0
652,455.64,1/30/24 12:56,4,0.34035,0.54751,20.47667,19.03175,30,1,Control,1,2,pm,1
653,455.85,1/30/24 12:58,4,0.3441,0.53835,20.08,19.01071,30,1,Control,1,2,pm,1
654,456.16,1/30/24 12:59,4,0.34597,0.54463,19.51333,18.80158,30,1,Control,1,2,pm,1
655,456.87,1/30/24 13:02,10,0.205,0.52738,18.85333,18.40268,30,1,NPK,1,2,pm,2
656,456.9,1/30/24 13:03,10,0.24677,0.60329,18.44667,18.60004,30,1,NPK,1,2,pm,2
657,456.45,1/30/24 13:05,10,0.24727,0.66852,18.105,18.62626,30,1,NPK,1,2,pm,2
658,456.61,1/30/24 13:07,11,0.29117,0.60701,17.69333,17.92937,30,1,NPK,1,2,pm,3
659,456.81,1/30/24 13:09,11,0.296,0.68801,17.5,17.96888,30,1,NPK,1,2,pm,3
660,456.84,1/30/24 13:10,11,0.29777,0.60912,17.32333,18.08959,30,1,NPK,1,2,pm,3
661,455.5,1/30/24 13:13,12,0.37657,0.73017,17.285,17.49454,30,1,Disturbance,1,2,pm,3
662,455.35,1/30/24 13:14,12,0.37872,0.62963,17.64333,17.24589,30,1,Disturbance,1,2,pm,3
663,454.53,1/30/24 13:15,12,0.379,0.60779,18.02667,17.08341,30,1,Disturbance,1,2,pm,3
664,458.82,1/30/24 13:18,3,0.222,1.13423,18.37667,18.23023,30,1,NPK,1,2,pm,1
665,460.19,1/30/24 13:20,3,0.2209,1.33109,18.89,18.7951,30,1,NPK,1,2,pm,1
666,459.21,1/30/24 13:21,3,0.22373,1.0447,19.39333,18.84852,30,1,NPK,1,2,pm,1
667,453.67,1/30/24 13:23,2,0.339,0.60528,19.53333,17.82855,30,1,NPK,1,2,pm,1
668,453.41,1/30/24 13:25,2,0.36327,0.56844,19.02,18.26792,30,1,NPK,1,2,pm,1
669,455.64,1/30/24 13:26,2,0.36468,0.48212,18.52667,18.51393,30,1,NPK,1,2,pm,1
670,457.3,1/30/24 13:28,1,0.35547,0.81245,18.2,17.95806,30,1,Disturbance,1,2,pm,1
671,457.11,1/30/24 13:30,1,0.356,0.74427,18.45667,18.24721,30,1,Disturbance,1,2,pm,1
672,457.03,1/30/24 13:31,1,0.35672,0.86088,18.6,18.29268,30,1,Disturbance,1,2,pm,1
673,458.95,1/30/24 13:33,13,0.29317,1.39552,18.61,18.65529,30,1,NPK+Disturbance,1,2,pm,3
674,458.56,1/30/24 13:35,13,0.29987,1.24045,18.9,18.66934,30,1,NPK+Disturbance,1,2,pm,3
675,458.59,1/30/24 13:36,13,0.30112,1.28355,18.81167,18.14469,30,1,NPK+Disturbance,1,2,pm,3
676,453.53,1/30/24 13:39,14,0.2859,0.35463,18.6,18.00798,30,1,NPK,1,2,pm,3
677,453.98,1/30/24 13:40,14,0.29185,0.30918,18.43,17.70798,30,1,NPK,1,2,pm,3
678,454.27,1/30/24 13:42,14,0.29472,0.33349,18.54333,17.51883,30,1,NPK,1,2,pm,3
679,454.12,1/30/24 13:44,15,0.24747,0.48479,18.20667,18.68958,30,1,Control,1,2,pm,3
680,455.35,1/30/24 13:46,15,0.26177,0.46138,18.2,19.53659,30,1,Control,1,2,pm,3
681,455.01,1/30/24 13:47,15,0.26218,0.48343,18.03667,19.71718,30,1,Control,1,2,pm,3
682,457.18,1/30/24 13:50,24,0.23438,0.79986,17.7,19.2419,30,1,NPK,1,2,pm,5
683,457.61,1/30/24 13:52,24,0.29123,0.78666,17.74667,19.28209,30,1,NPK,1,2,pm,5
684,456.68,1/30/24 13:53,24,0.29267,0.83974,17.9,18.92176,30,1,NPK,1,2,pm,5
685,457.14,1/30/24 13:55,25,0.358,0.88876,18.25,20.77534,30,1,NPK,1,2,pm,5
686,458.79,1/30/24 13:57,25,0.358,0.77106,18.85,20.99267,30,1,NPK,1,2,pm,5
687,457.85,1/30/24 13:58,25,0.358,0.83944,19.27333,21.06973,30,1,NPK,1,2,pm,5
688,459.23,1/30/24 14:01,OC3,0.3325,0.91738,19.76,19.36785,30,1,Outside_treatments,1,2,pm,0
689,460.9,1/30/24 14:02,OC3,0.33747,0.92811,20.19333,19.50376,30,1,Outside_treatments,1,2,pm,0
690,458.25,1/30/24 14:03,OC3,0.339,0.91289,20.33,18.80719,30,1,Outside_treatments,1,2,pm,0
691,453.26,1/30/24 14:08,OC5,0.3477,0.56407,19.56,19.63541,30,1,Outside_treatments,1,2,pm,0
692,456.82,1/30/24 14:09,OC5,0.348,0.61882,19.3,19.79343,30,1,Outside_treatments,1,2,pm,0
693,454.23,1/30/24 14:11,OC5,0.34855,0.70324,19.19,19.91373,30,1,Outside_treatments,1,2,pm,0
694,454.63,1/30/24 14:13,23,0.26868,0.90935,19.1,19.01748,30,1,Disturbance,1,2,pm,5
695,454.88,1/30/24 14:14,23,0.3412,0.83752,19.1,19.04756,30,1,Disturbance,1,2,pm,5
696,454.52,1/30/24 14:16,23,0.342,0.84342,19.1,18.80557,30,1,Disturbance,1,2,pm,5
697,456.84,1/30/24 14:18,OC4,0.3412,0.94928,19.1,19.8843,30,1,Outside_treatments,1,2,pm,0
698,458.06,1/30/24 14:20,OC4,0.34452,0.94469,18.99667,19.9189,30,1,Outside_treatments,1,2,pm,0
699,457.69,1/30/24 14:21,OC4,0.345,1.10616,18.9,19.63778,30,1,Outside_treatments,1,2,pm,0
700,456.96,1/30/24 14:24,22,0.3064,0.92338,18.61333,18.75985,30,1,Control,1,2,pm,5
701,458.7,1/30/24 14:25,22,0.308,0.8983,18.22,18.5582,30,1,Control,1,2,pm,5
702,457.05,1/30/24 14:27,22,0.30967,0.96828,17.96667,18.55693,30,1,Control,1,2,pm,5
703,457.49,1/30/24 14:29,21,0.23813,1.26674,17.77333,17.81748,30,1,NPK+Disturbance,1,2,pm,5
704,459.43,1/30/24 14:30,21,0.377,1.27344,17.68667,18.08058,30,1,NPK+Disturbance,1,2,pm,5
705,458.03,1/30/24 14:32,21,0.37652,1.27678,17.5,18.13649,30,1,NPK+Disturbance,1,2,pm,5
706,457.34,1/30/24 14:34,20,0.29833,0.81699,17.46667,17.86079,30,1,Disturbance,1,2,pm,4
707,455.17,1/30/24 14:36,20,0.357,0.7921,17.5,17.59078,30,1,Disturbance,1,2,pm,4
708,455.95,1/30/24 14:37,20,0.357,0.74407,17.36667,17.36896,30,1,Disturbance,1,2,pm,4
709,467.67,1/30/24 14:40,19,0.28095,0.57165,17.23167,18.21197,30,1,NPK,1,2,pm,4
710,455.56,1/30/24 14:41,19,0.28525,0.73431,17.3,18.85037,30,1,NPK,1,2,pm,4
711,454.86,1/30/24 14:42,19,0.28533,0.61346,17.3,19.07426,30,1,NPK,1,2,pm,4
712,457.86,1/30/24 14:45,18,0.3465,1.16637,17.48333,18.85479,30,1,NPK+Disturbance,1,2,pm,4
713,457.8,1/30/24 14:47,18,0.37835,1.10302,17.77,18.79255,30,1,NPK+Disturbance,1,2,pm,4
714,457.8,1/30/24 14:48,18,0.379,1.17588,17.9,18.58567,30,1,NPK+Disturbance,1,2,pm,4
715,458.96,1/30/24 14:51,17,0.2841,1.2297,17.9,18.69363,30,1,NPK,1,2,pm,4
716,459.42,1/30/24 14:52,17,0.28522,1.21187,17.9,18.41275,30,1,NPK,1,2,pm,4
717,461.29,1/30/24 14:53,17,0.2854,1.08869,17.7,18.41206,30,1,NPK,1,2,pm,4
718,455.21,1/30/24 14:56,16,0.15565,0.79023,17.61,19.18228,30,1,Control,1,2,pm,4
719,456.04,1/30/24 14:57,16,0.2859,0.74804,17.99,19.68271,30,1,Control,1,2,pm,4
720,455.11,1/30/24 14:59,16,0.28867,0.79698,18.28333,19.30472,30,1,Control,1,2,pm,4
721,450.8,1/31/24 12:22,21,0.3642,1.06153,17.92,16.59841,31,1,NPK+Disturbance,1,3,pm,5
722,452.21,1/31/24 12:23,21,0.364,1.07733,17.45667,16.76073,31,1,NPK+Disturbance,1,3,pm,5
723,452.32,1/31/24 12:25,21,0.364,1.08618,17.235,16.28674,31,1,NPK+Disturbance,1,3,pm,5
724,452.62,1/31/24 12:28,OC4,0.31287,0.84497,17.17333,17.58703,31,1,Outside_treatments,1,3,pm,0
725,453.27,1/31/24 12:29,OC4,0.36228,0.92674,17.3,18.3371,31,1,Outside_treatments,1,3,pm,0
726,452.74,1/31/24 12:31,OC4,0.363,0.88532,17.3,18.31648,31,1,Outside_treatments,1,3,pm,0
727,452.1,1/31/24 12:34,22,0.3677,1.08239,16.93,16.44348,31,1,Control,1,3,pm,5
728,452.15,1/31/24 12:36,22,0.36977,0.98626,16.57,16.66239,31,1,Control,1,3,pm,5
729,452.32,1/31/24 12:37,22,0.3708,0.92241,16.28,16.45393,31,1,Control,1,3,pm,5
730,449.92,1/31/24 12:39,23,0.33403,0.67948,15.8,14.89565,31,1,Disturbance,1,3,pm,5
731,449.74,1/31/24 12:41,23,0.3321,0.69525,15.98,15.87258,31,1,Disturbance,1,3,pm,5
732,450.78,1/31/24 12:42,23,0.332,0.74605,16.06667,16.66684,31,1,Disturbance,1,3,pm,5
733,450.48,1/31/24 12:46,20,0.2665,0.69151,16.57333,16.67138,31,1,Disturbance,1,3,pm,4
734,450.53,1/31/24 12:47,20,0.39,0.66542,17,16.36782,31,1,Disturbance,1,3,pm,4
735,450.34,1/31/24 12:48,20,0.39,0.58406,17,15.96048,31,1,Disturbance,1,3,pm,4
736,452.02,1/31/24 12:52,19,0.20393,0.97001,16.73667,16.22226,31,1,NPK,1,3,pm,4
737,452.95,1/31/24 12:53,19,0.325,0.88435,16.69,16.52934,31,1,NPK,1,3,pm,4
738,452.86,1/31/24 12:54,19,0.32593,0.7397,16.5,16.50985,31,1,NPK,1,3,pm,4
739,453.8,1/31/24 12:58,18,0.25867,0.98335,16.2,14.65407,31,1,NPK+Disturbance,1,3,pm,4
740,456.12,1/31/24 12:59,18,0.388,1.0039,16.18333,15.06448,31,1,NPK+Disturbance,1,3,pm,4
741,453.27,1/31/24 13:00,18,0.388,0.94603,16,15.25638,31,1,NPK+Disturbance,1,3,pm,4
742,452.31,1/31/24 13:03,OC5,0.33033,0.56922,15.83333,16.54392,31,1,Outside_treatments,1,3,pm,0
743,450.41,1/31/24 13:06,OC5_2,0.332,0.61071,16.3,17.89793,31,1,Outside_treatments,1,3,pm,0
744,450.77,1/31/24 13:09,OC5_2,0.3331,0.60233,16.81,18.48655,31,1,Outside_treatments,1,3,pm,0
745,454.25,1/31/24 13:11,17,0.2824,1.15451,17.07,18.21309,31,1,NPK,1,3,pm,4
746,454.96,1/31/24 13:13,17,0.28895,1.11927,17.43,17.73353,31,1,NPK,1,3,pm,4
747,455.05,1/31/24 13:14,17,0.29033,1.13007,17.7,17.3104,31,1,NPK,1,3,pm,4
748,452.3,1/31/24 13:16,16,0.16658,0.81297,17.78333,17.80111,31,1,Control,1,3,pm,4
749,452.64,1/31/24 13:18,16,0.2691,0.76905,17.73,17.86068,31,1,Control,1,3,pm,4
750,453.82,1/31/24 13:19,16,0.26857,0.74506,17.5,17.91367,31,1,Control,1,3,pm,4
751,450.46,1/31/24 13:22,10,0.1827,0.54106,17.23,17.40448,31,1,NPK,1,3,pm,2
752,451.29,1/31/24 13:23,10,0.26513,0.5459,16.78667,17.80807,31,1,NPK,1,3,pm,2
753,450.94,1/31/24 13:24,10,0.266,0.59886,16.47333,17.94273,31,1,NPK,1,3,pm,2
754,452.19,1/31/24 13:27,11,0.34327,0.66195,16.25333,18.30813,31,1,NPK,1,3,pm,3
755,452.25,1/31/24 13:29,11,0.34797,0.63329,16.49333,17.79022,31,1,NPK,1,3,pm,3
756,452.29,1/31/24 13:30,11,0.349,0.68918,16.57667,18.11866,31,1,NPK,1,3,pm,3
757,448.82,1/31/24 13:33,12,0.26582,0.71376,16.76833,17.31338,31,1,Disturbance,1,3,pm,3
758,449.11,1/31/24 13:34,12,0.39,0.56318,17.02,17.43083,31,1,Disturbance,1,3,pm,3
759,449.63,1/31/24 13:35,12,0.39,0.56931,17.2,17.12655,31,1,Disturbance,1,3,pm,3
760,450.92,1/31/24 13:38,15,0.20667,0.63039,17.3,17.92164,31,1,Control,1,3,pm,3
761,450.64,1/31/24 13:39,15,0.3153,0.55192,17.52,19.14502,31,1,Control,1,3,pm,3
762,451.64,1/31/24 13:40,15,0.318,0.51624,17.7,19.74995,31,1,Control,1,3,pm,3
763,457.08,1/31/24 13:44,3,0.34815,1.3175,17.815,19.8026,31,1,NPK,1,3,pm,1
764,456.85,1/31/24 13:46,3,0.35,1.197,18.16333,20.36172,31,1,NPK,1,3,pm,1
765,455.62,1/31/24 13:47,3,0.35075,1.36635,18.45,20.06333,31,1,NPK,1,3,pm,1
766,449.09,1/31/24 13:50,2,0.36437,0.56348,18.6,18.6057,31,1,NPK,1,3,pm,1
767,449.42,1/31/24 13:52,2,0.366,0.58507,18.6,19.20482,31,1,NPK,1,3,pm,1
768,449.3,1/31/24 13:53,2,0.36603,0.53103,18.8,19.23227,31,1,NPK,1,3,pm,1
769,449.93,1/31/24 13:55,1,0.3035,0.57143,18.96,19.49267,31,1,Disturbance,1,3,pm,1
770,449.93,1/31/24 13:57,1,0.307,0.74666,19.24333,19.23606,31,1,Disturbance,1,3,pm,1
771,450.13,1/31/24 13:58,1,0.309,0.50831,19.3,18.93718,31,1,Disturbance,1,3,pm,1
772,453.87,1/31/24 14:14,13,0.32045,1.12867,20.09333,18.51922,31,1,NPK+Disturbance,1,3,pm,3
773,453,1/31/24 14:16,13,0.3229,1.05237,20.48,19.33735,31,1,NPK+Disturbance,1,3,pm,3
774,453.62,1/31/24 14:17,13,0.32395,1.06172,20.7,19.52008,31,1,NPK+Disturbance,1,3,pm,3
775,450.13,1/31/24 14:20,14,0.189,0.51218,20.42,17.82739,31,1,NPK,1,3,pm,3
776,451.69,1/31/24 14:21,14,0.27523,0.33604,20.27667,17.41069,31,1,NPK,1,3,pm,3
777,450.37,1/31/24 14:22,14,0.277,0.46265,19.9918,17.6116,31,1,NPK,1,3,pm,3
778,454.09,1/31/24 14:25,24,0.2912,0.9541,19.52667,18.80193,31,1,NPK,1,3,pm,5
779,453.2,1/31/24 14:26,24,0.33728,0.8168,19.24333,19.15729,31,1,NPK,1,3,pm,5
780,453.56,1/31/24 14:28,24,0.33728,0.80817,19.1,19.09838,31,1,NPK,1,3,pm,5
782,455.19,1/31/24 14:31,25,0.31453,0.8362,19.1,21.52156,31,1,NPK,1,3,pm,5
783,453.14,1/31/24 14:33,25,0.3169,0.75544,19.29,21.61374,31,1,NPK,1,3,pm,5
784,454.93,1/31/24 14:35,OC3,0.36187,0.95719,19.25667,20.16202,31,1,Outside_treatments,1,3,pm,0
785,457.2,1/31/24 14:37,OC3,0.36565,1.13961,18.97,20.53152,31,1,Outside_treatments,1,3,pm,0
786,455.28,1/31/24 14:38,OC3,0.367,1.05644,18.89333,19.63201,31,1,Outside_treatments,1,3,pm,0
787,451.99,1/31/24 14:44,7,0.19885,0.78431,18.46333,18.96831,31,1,Control,1,3,pm,2
788,452.36,1/31/24 14:45,7,0.29512,0.90108,18.62333,19.87817,31,1,Control,1,3,pm,2
789,451.92,1/31/24 14:46,7,0.29653,0.76533,18.8,19.77902,31,1,Control,1,3,pm,2
790,451.18,1/31/24 14:49,6,0.30298,0.8516,18.9,18.47495,31,1,NPK+Disturbance,1,3,pm,2
791,452.91,1/31/24 14:50,6,0.37123,0.80208,18.94667,18.8541,31,1,NPK+Disturbance,1,3,pm,2
792,452.1,1/31/24 14:52,6,0.372,0.92191,19.1,18.76386,31,1,NPK+Disturbance,1,3,pm,2
793,450.52,1/31/24 14:54,8,0.2397,0.77457,19.41333,19.13376,31,1,Disturbance,1,3,pm,2
794,451.11,1/31/24 14:55,8,0.30822,0.75354,19.94333,19.76563,31,1,Disturbance,1,3,pm,2
795,451.04,1/31/24 14:57,8,0.30837,0.80121,20.1,19.50435,31,1,Disturbance,1,3,pm,2
796,453.55,1/31/24 14:59,9,0.1771,0.80939,20.14667,18.90143,31,1,NPK,1,3,pm,2
797,454.14,1/31/24 15:00,9,0.2336,0.83397,19.82,18.74688,31,1,NPK,1,3,pm,2
798,453.9,1/31/24 15:02,9,0.2379,0.83046,19.37333,18.84368,31,1,NPK,1,3,pm,2
800,458.84,1/31/24 15:05,OC2,0.24598,1.27124,19.1,20.06704,31,1,Outside_treatments,1,3,pm,0
801,458,1/31/24 15:07,OC2,0.24493,1.27893,19.25333,20.01488,31,1,Outside_treatments,1,3,pm,0
802,453.34,1/31/24 15:10,5,0.3347,1.07491,19.25333,17.62083,31,1,NPK+Disturbance,1,3,pm,1
803,453,1/31/24 15:12,5,0.337,0.94326,18.9,18.13245,31,1,NPK+Disturbance,1,3,pm,1
804,454.36,1/31/24 15:13,5,0.3369,0.90336,18.58,17.95937,31,1,NPK+Disturbance,1,3,pm,1
805,449.77,1/31/24 15:15,OC1,0.3026,0.40077,18.155,18.27855,31,1,Outside_treatments,1,3,pm,0
806,450.22,1/31/24 15:16,OC1,0.30713,0.38945,17.78667,18.89159,31,1,Outside_treatments,1,3,pm,0
807,454.92,1/31/24 15:18,OC1,0.308,0.3923,17.5,19.11723,31,1,Outside_treatments,1,3,pm,0
808,449.84,1/31/24 15:21,4,0.37105,0.5503,17.5,18.2395,31,1,Control,1,3,pm,1
809,450.92,1/31/24 15:22,4,0.37247,0.60996,17.5,19.02463,31,1,Control,1,3,pm,1
810,450.24,1/31/24 15:24,4,0.37392,0.58642,17.31667,18.72109,31,1,Control,1,3,pm,1
811,448.33,2/5/24 12:04,1,0.378,0.65314,12.35,11.4379,5,2,Disturbance,2,1,pm,1
812,449.95,2/5/24 12:05,1,0.378,0.25648,12.075,11.47356,5,2,Disturbance,2,1,pm,1
813,450.51,2/5/24 12:07,1,0.378,0.28379,12,11.61647,5,2,Disturbance,2,1,pm,1
814,450.5,2/5/24 12:09,2,0.3044,0.3508,11.9,12.42113,5,2,NPK,2,1,pm,1
815,451.08,2/5/24 12:11,2,0.3092,0.32774,11.9,12.21336,5,2,NPK,2,1,pm,1
816,451.2,2/5/24 12:12,2,0.3139,0.28328,11.9,12.29453,5,2,NPK,2,1,pm,1
817,456.24,2/5/24 12:14,3,0.33687,0.77268,12.10667,13.37572,5,2,NPK,2,1,pm,1
818,457.93,2/5/24 12:16,3,0.34473,0.73538,12.605,13.54886,5,2,NPK,2,1,pm,1
819,456.55,2/5/24 12:17,3,0.3463,0.76831,12.8,13.52981,5,2,NPK,2,1,pm,1
820,452.38,2/5/24 12:20,13,0.36567,0.61951,12.93333,12.79529,5,2,NPK+Disturbance,2,1,pm,3
821,453.75,2/5/24 12:21,13,0.36975,0.63318,12.8,12.84007,5,2,NPK+Disturbance,2,1,pm,3
822,454.59,2/5/24 12:22,13,0.371,0.51405,12.7,12.7912,5,2,NPK+Disturbance,2,1,pm,3
823,452.75,2/5/24 12:25,14,0.30575,0.35791,12.7,12.87592,5,2,NPK,2,1,pm,3
824,451.78,2/5/24 12:27,14,0.31168,0.41983,12.7,12.57939,5,2,NPK,2,1,pm,3
825,451.87,2/5/24 12:28,14,0.31588,0.32178,12.71167,12.79725,5,2,NPK,2,1,pm,3
826,453.14,2/5/24 12:31,24,0.23307,0.77675,13.19,14.70336,5,2,NPK,2,1,pm,5
827,455.25,2/5/24 12:32,24,0.36805,0.78168,13.4,14.51748,5,2,NPK,2,1,pm,5
828,453.62,2/5/24 12:34,24,0.369,0.74766,13.44833,14.76388,5,2,NPK,2,1,pm,5
829,455.3,2/5/24 12:36,25,0.264,0.98107,13.77333,16.38224,5,2,NPK,2,1,pm,5
830,455.28,2/5/24 12:37,25,0.36333,0.84772,14.01639,16.151,5,2,NPK,2,1,pm,5
831,455.17,2/5/24 12:39,25,0.365,0.80779,14.1,16.31945,5,2,NPK,2,1,pm,5
832,456.06,2/5/24 12:41,OC3,0.32908,1.2505,14.28333,15.363,5,2,Outside_treatments,2,1,pm,0
833,455.38,2/5/24 12:43,OC3,0.36065,1.16403,14.335,15.54314,5,2,Outside_treatments,2,1,pm,0
834,454.63,2/5/24 12:44,OC3,0.36077,0.83868,14.4,15.58649,5,2,Outside_treatments,2,1,pm,0
835,449.94,2/5/24 12:48,OC5,0.35507,0.61478,14.60333,17.88069,5,2,Outside_treatments,2,1,pm,0
836,451.15,2/5/24 12:50,OC5,0.35655,0.69248,14.7,17.57765,5,2,Outside_treatments,2,1,pm,0
837,451.34,2/5/24 12:51,OC5,0.356,0.61201,14.87667,17.55831,5,2,Outside_treatments,2,1,pm,0
838,451.44,2/5/24 12:54,23,0.3538,0.65418,15.48333,16.77236,5,2,Disturbance,2,1,pm,5
839,451.72,2/5/24 12:56,23,0.367,0.66312,15.82,17.12451,5,2,Disturbance,2,1,pm,5
840,452.08,2/5/24 12:57,23,0.367,0.70944,16.16333,16.75606,5,2,Disturbance,2,1,pm,5
841,453.86,2/5/24 12:59,OC4,0.38218,0.99384,16.33667,17.00204,5,2,Outside_treatments,2,1,pm,0
842,460.34,2/5/24 13:01,OC4,0.383,0.88484,16.5,17.81219,5,2,Outside_treatments,2,1,pm,0
843,454.19,2/5/24 13:02,OC4,0.383,0.85237,16.50667,17.15779,5,2,Outside_treatments,2,1,pm,0
844,452.9,2/5/24 13:06,22,0.43295,0.99291,16.36333,15.72113,5,2,Control,2,1,pm,5
845,453.6,2/5/24 13:07,22,0.435,0.87668,16.5,15.78201,5,2,Control,2,1,pm,5
846,454.19,2/5/24 13:08,22,0.435,0.8225,16.5,15.70392,5,2,Control,2,1,pm,5
847,454.23,2/5/24 13:11,21,0.36522,1.06974,15.95667,15.12187,5,2,NPK+Disturbance,2,1,pm,5
848,454.45,2/5/24 13:13,21,0.366,1.05817,15.73333,15.38889,5,2,NPK+Disturbance,2,1,pm,5
849,454.68,2/5/24 13:14,21,0.366,1.09255,15.68333,15.25642,5,2,NPK+Disturbance,2,1,pm,5
850,450.36,2/5/24 13:18,20,0.383,0.61112,15.4,15.60982,5,2,Disturbance,2,1,pm,4
851,451.72,2/5/24 13:19,20,0.384,0.75027,15.4,15.48035,5,2,Disturbance,2,1,pm,4
852,451.39,2/5/24 13:21,20,0.384,0.82915,14.965,14.96708,5,2,Disturbance,2,1,pm,4
853,452.6,2/5/24 13:23,19,0.24053,0.83614,14.83667,15.64842,5,2,NPK,2,1,pm,4
854,453.36,2/5/24 13:24,19,0.35312,0.73518,14.9,15.74673,5,2,NPK,2,1,pm,4
855,454.78,2/5/24 13:26,19,0.354,0.77962,14.9,15.82128,5,2,NPK,2,1,pm,4
856,454.57,2/5/24 13:29,18,0.351,1.13104,14.9,14.92938,5,2,NPK+Disturbance,2,1,pm,4
857,454.18,2/5/24 13:31,18,0.354,1.00871,15,15.01346,5,2,NPK+Disturbance,2,1,pm,4
858,456.54,2/5/24 13:32,18,0.35483,1.49715,15.16667,14.89314,5,2,NPK+Disturbance,2,1,pm,4
859,454.63,2/5/24 13:35,17,0.17033,0.95655,14.9,14.97666,5,2,NPK,2,1,pm,4
860,455.34,2/5/24 13:36,17,0.296,1.0709,14.9,15.32332,5,2,NPK,2,1,pm,4
861,455.24,2/5/24 13:38,17,0.30143,0.98672,14.9,15.20976,5,2,NPK,2,1,pm,4
862,451.76,2/5/24 13:40,16,0.18507,0.85625,14.95333,15.78243,5,2,Control,2,1,pm,4
863,451.77,2/5/24 13:41,16,0.34795,0.68692,15,15.98754,5,2,Control,2,1,pm,4
864,451.69,2/5/24 13:43,16,0.35037,0.70866,15.27333,16.04174,5,2,Control,2,1,pm,4
865,449.85,2/5/24 13:46,15,0.3336,0.57947,15.25333,15.84205,5,2,Control,2,1,pm,3
866,450.14,2/5/24 13:47,15,0.34005,0.52857,15.4,15.98648,5,2,Control,2,1,pm,3
867,450.2,2/5/24 13:48,15,0.34212,0.49856,15.4,15.79252,5,2,Control,2,1,pm,3
868,449.81,2/5/24 13:50,12,0.388,0.4985,15.4,15.59582,5,2,Disturbance,2,1,pm,3
869,449.88,2/5/24 13:52,12,0.388,0.43553,15.4,15.14529,5,2,Disturbance,2,1,pm,3
870,449.57,2/5/24 13:53,12,0.388,0.43345,15.4,15.0853,5,2,Disturbance,2,1,pm,3
871,451.26,2/5/24 14:10,11,0.35993,0.69516,16.07667,15.44184,5,2,NPK,2,1,pm,3
872,451.73,2/5/24 14:11,11,0.36503,0.62854,15.79667,15.50288,5,2,NPK,2,1,pm,3
873,451.05,2/5/24 14:13,11,0.36648,0.58009,15.7,15.3271,5,2,NPK,2,1,pm,3
874,451.55,2/5/24 14:16,10,0.254,0.61703,15.5,15.8157,5,2,NPK,2,1,pm,2
875,452.02,2/5/24 14:17,10,0.30692,0.56229,15.5,15.99839,5,2,NPK,2,1,pm,2
876,451.78,2/5/24 14:19,10,0.309,0.59338,15.5,15.92581,5,2,NPK,2,1,pm,2
877,455.82,2/5/24 14:21,OC2,0.33192,1.13497,15.58333,16.30063,5,2,Outside_treatments,2,1,pm,0
878,455.68,2/5/24 14:22,OC2,0.33855,1.0508,15.785,16.04971,5,2,Outside_treatments,2,1,pm,0
879,456.21,2/5/24 14:23,OC2,0.342,1.05977,16,16.00357,5,2,Outside_treatments,2,1,pm,0
880,452.42,2/5/24 14:27,9,0.10437,0.74466,15.74833,14.55544,5,2,NPK,2,1,pm,2
881,454.09,2/5/24 14:28,9,0.20947,0.78438,15.7,14.79126,5,2,NPK,2,1,pm,2
882,452.86,2/5/24 14:30,9,0.2157,0.8512,15.63,14.55322,5,2,NPK,2,1,pm,2
883,449.13,2/5/24 14:32,8,0.21505,0.38103,15.445,14.18984,5,2,Disturbance,2,1,pm,2
884,449.89,2/5/24 14:33,8,0.391,0.36594,15.20333,14.38747,5,2,Disturbance,2,1,pm,2
885,449.58,2/5/24 14:35,8,0.391,0.43466,15,14.33003,5,2,Disturbance,2,1,pm,2
886,452.58,2/5/24 14:38,7,0.3402,0.60911,14.6,14.79789,5,2,Control,2,1,pm,2
887,453.37,2/5/24 14:40,7,0.38,0.57525,14.6,14.85343,5,2,Control,2,1,pm,2
888,452.28,2/5/24 14:41,7,0.38075,0.64863,14.6,14.75376,5,2,Control,2,1,pm,2
889,451.72,2/5/24 14:44,6,0.3584,0.81863,14.41333,14.11134,5,2,NPK+Disturbance,2,1,pm,2
890,451.86,2/5/24 14:46,6,0.385,0.59229,14.52667,13.93781,5,2,NPK+Disturbance,2,1,pm,2
891,451.74,2/5/24 14:47,6,0.385,0.59346,14.4,13.87045,5,2,NPK+Disturbance,2,1,pm,2
892,452.4,2/5/24 14:50,5,0.2691,0.73172,14.32333,13.87793,5,2,NPK+Disturbance,2,1,pm,1
893,455.73,2/5/24 14:51,5,0.35343,2.13391,14.07833,13.75857,5,2,NPK+Disturbance,2,1,pm,1
894,457.3,2/5/24 14:53,5,0.35563,0.7691,14,13.81411,5,2,NPK+Disturbance,2,1,pm,1
895,451.23,2/5/24 14:55,OC1,0.29517,0.32513,13.8,14.28806,5,2,Outside_treatments,2,1,pm,0
896,451.56,2/5/24 14:57,OC1,0.32665,0.38428,13.8,14.43939,5,2,Outside_treatments,2,1,pm,0
897,452.37,2/5/24 14:58,OC1,0.32835,0.38031,13.72167,14.51562,5,2,Outside_treatments,2,1,pm,0
898,450.95,2/5/24 15:01,4,0.28167,0.43976,13.78333,14.60189,5,2,Control,2,1,pm,1
899,450.7,2/5/24 15:02,4,0.3415,0.45698,13.8,14.32094,5,2,Control,2,1,pm,1
900,450.98,2/5/24 15:04,4,0.34368,0.50021,13.8,14.43262,5,2,Control,2,1,pm,1
901,457.14,2/6/24 12:09,21,0.3948,0.96188,19.58,16.23137,6,2,NPK+Disturbance,2,2,pm,5
902,456.95,2/6/24 12:11,21,0.394,0.93293,18.79167,16.01988,6,2,NPK+Disturbance,2,2,pm,5
903,456.73,2/6/24 12:12,21,0.394,0.96708,17.985,16.49133,6,2,NPK+Disturbance,2,2,pm,5
904,459.53,2/6/24 12:14,OC4,0.32352,0.8399,17.20833,18.14137,6,2,Outside_treatments,2,2,pm,0
905,457.3,2/6/24 12:16,OC4,0.22333,0.86066,11.66667,18.41509,6,2,Outside_treatments,2,2,pm,0
906,458.55,2/6/24 12:17,OC4,0.3351,0.79257,17.3,18.56644,6,2,Outside_treatments,2,2,pm,0
907,458.17,2/6/24 12:20,22,0.32095,0.73401,17.055,17.85996,6,2,Control,2,2,pm,5
908,456.91,2/6/24 12:21,22,0.39323,0.72451,16.77667,17.48969,6,2,Control,2,2,pm,5
909,456.95,2/6/24 12:23,22,0.394,0.7613,16.56667,17.1708,6,2,Control,2,2,pm,5
910,454.92,2/6/24 12:25,23,0.2444,0.59221,16.625,16.88566,6,2,Disturbance,2,2,pm,5
911,455.33,2/6/24 12:26,23,0.375,0.57738,17.20667,17.01868,6,2,Disturbance,2,2,pm,5
912,456.91,2/6/24 12:27,23,0.375,0.65335,17.3,16.83508,6,2,Disturbance,2,2,pm,5
913,455.62,2/6/24 12:30,20,0.32215,0.75563,17.67,17.03351,6,2,Disturbance,2,2,pm,4
914,455.77,2/6/24 12:31,20,0.38,0.54908,17.7,16.66081,6,2,Disturbance,2,2,pm,4
915,455.8,2/6/24 12:33,20,0.38,0.51281,17.7,16.74366,6,2,Disturbance,2,2,pm,4
916,457.26,2/6/24 12:35,19,0.35408,0.68717,17.5,17.88565,6,2,NPK,2,2,pm,4
917,457.6,2/6/24 12:37,19,0.3565,0.76987,17.4,17.66505,6,2,NPK,2,2,pm,4
918,458.57,2/6/24 12:38,19,0.358,0.66923,17.20667,17.92101,6,2,NPK,2,2,pm,4
919,458.55,2/6/24 12:40,18,0.34163,0.99675,16.89333,17.7348,6,2,NPK+Disturbance,2,2,pm,4
920,458.77,2/6/24 12:42,18,0.34765,0.98455,17.265,17.61526,6,2,NPK+Disturbance,2,2,pm,4
921,458.7,2/6/24 12:43,18,0.34908,0.92909,17.3,17.20096,6,2,NPK+Disturbance,2,2,pm,4
922,460.62,2/6/24 12:46,OC2,0.308,1.16165,17.24,18.39184,6,2,Outside_treatments,2,2,pm,0
923,461.14,2/6/24 12:48,OC2,0.30913,1.02651,17.61333,19.06362,6,2,Outside_treatments,2,2,pm,0
924,460.48,2/6/24 12:49,OC2,0.31,0.98936,17.995,19.00911,6,2,Outside_treatments,2,2,pm,0
925,458.35,2/6/24 12:51,9,0.23213,0.734,18.45667,18.3431,6,2,NPK,2,2,pm,2
926,460.31,2/6/24 12:53,9,0.23572,0.74322,18.6,18.71368,6,2,NPK,2,2,pm,2
927,460,2/6/24 12:54,9,0.23883,0.79122,18.4,18.67004,6,2,NPK,2,2,pm,2
928,456.92,2/6/24 12:56,8,0.247,0.79745,18.36,18.68058,6,2,Disturbance,2,2,pm,2
929,457.29,2/6/24 12:58,8,0.379,0.70027,18.76667,19.19175,6,2,Disturbance,2,2,pm,2
930,456.99,2/6/24 12:59,8,0.37873,0.65359,18.95333,18.39503,6,2,Disturbance,2,2,pm,2
931,458.03,2/6/24 13:02,7,0.2323,0.68969,18.94667,19.62645,6,2,Control,2,2,pm,2
932,459.19,2/6/24 13:03,7,0.30637,0.64983,19.1,20.26828,6,2,Control,2,2,pm,2
933,458.64,2/6/24 13:05,7,0.30923,0.79238,19.1,20.42654,6,2,Control,2,2,pm,2
934,457.71,2/6/24 13:07,6,0.30158,0.8621,19.1,19.39598,6,2,NPK+Disturbance,2,2,pm,2
935,458.03,2/6/24 13:08,6,0.385,0.93541,19.3,19.04808,6,2,NPK+Disturbance,2,2,pm,2
936,459.97,2/6/24 13:10,6,0.385,0.84603,19.42667,19.09853,6,2,NPK+Disturbance,2,2,pm,2
937,459.17,2/6/24 13:12,5,0.361,0.97556,19.1,18.74454,6,2,NPK+Disturbance,2,2,pm,1
938,459.2,2/6/24 13:13,5,0.36243,0.94832,19.38667,19.19064,6,2,NPK+Disturbance,2,2,pm,1
939,460.21,2/6/24 13:15,5,0.363,0.93605,19.5,19.245,6,2,NPK+Disturbance,2,2,pm,1
940,456.53,2/6/24 13:17,OC1,0.3465,0.36472,19.7,20.91245,6,2,Outside_treatments,2,2,pm,0
941,457.13,2/6/24 13:18,OC1,0.3438,0.38904,19.19333,21.42186,6,2,Outside_treatments,2,2,pm,0
942,457.29,2/6/24 13:20,OC1,0.346,0.43577,18.69,21.25488,6,2,Outside_treatments,2,2,pm,0
943,456.36,2/6/24 13:22,4,0.347,0.53758,18.56333,20.13424,6,2,Control,2,2,pm,1
944,456.77,2/6/24 13:23,4,0.349,0.50365,18.8,19.93892,6,2,Control,2,2,pm,1
945,456.31,2/6/24 13:25,4,0.34967,0.55723,18.86667,20.24846,6,2,Control,2,2,pm,1
946,460.43,2/6/24 13:28,3,0.21873,1.24544,19.11333,20.38694,6,2,NPK,2,2,pm,1
947,461.54,2/6/24 13:29,3,0.2201,1.09774,19.68,21.09424,6,2,NPK,2,2,pm,1
948,461.87,2/6/24 13:30,3,0.22023,1.10068,20.05333,20.46974,6,2,NPK,2,2,pm,1
949,454.84,2/6/24 13:32,2,0.3692,0.52726,20.34,20.40772,6,2,NPK,2,2,pm,1
950,455.41,2/6/24 13:34,2,0.371,0.59539,19.76667,20.27614,6,2,NPK,2,2,pm,1
951,455.51,2/6/24 13:35,2,0.37127,0.6241,19.24667,20.72501,6,2,NPK,2,2,pm,1
952,458.49,2/6/24 13:38,1,0.1974,0.59606,19.1,19.39503,6,2,Disturbance,2,2,pm,1
953,455.72,2/6/24 13:39,1,0.33,0.47182,19.3,19.43863,6,2,Disturbance,2,2,pm,1
954,455.8,2/6/24 13:40,1,0.33045,0.46575,19.3,19.09521,6,2,Disturbance,2,2,pm,1
955,458.81,2/6/24 13:56,24,0.29242,0.90832,18.2,18.51902,6,2,NPK,2,2,pm,5
956,459.81,2/6/24 13:57,24,0.2985,0.98047,18.2,19.0336,6,2,NPK,2,2,pm,5
957,461.66,2/6/24 13:59,24,0.30187,0.89405,18.2,19.39598,6,2,NPK,2,2,pm,5
958,458.44,2/6/24 14:01,25,0.36733,0.88425,18.56667,21.76067,6,2,NPK,2,2,pm,5
959,458.78,2/6/24 14:03,25,0.368,0.88552,19.05,22.25561,6,2,NPK,2,2,pm,5
960,458.49,2/6/24 14:04,25,0.36982,0.74637,19.57333,21.91281,6,2,NPK,2,2,pm,5
961,460.89,2/6/24 14:06,OC3,0.36092,1.19127,20.25333,20.69904,6,2,Outside_treatments,2,2,pm,0
962,460.42,2/6/24 14:08,OC3,0.3632,1.06296,20.66,20.00228,6,2,Outside_treatments,2,2,pm,0
963,459.89,2/6/24 14:09,OC3,0.364,0.99711,20.7,19.60267,6,2,Outside_treatments,2,2,pm,0
964,454.61,2/6/24 14:12,14,0.1944,0.33681,20.5,18.66062,6,2,NPK,2,2,pm,3
965,454.39,2/6/24 14:13,14,0.24313,0.35862,20.21333,18.5418,6,2,NPK,2,2,pm,3
966,454.96,2/6/24 14:15,14,0.24253,0.28111,19.9,18.93597,6,2,NPK,2,2,pm,3
967,457.52,2/6/24 14:17,13,0.33995,1.20342,19.89,19.92114,6,2,NPK+Disturbance,2,2,pm,3
968,457.77,2/6/24 14:18,13,0.34437,1.15729,20.44667,20.05382,6,2,NPK+Disturbance,2,2,pm,3
969,458.16,2/6/24 14:20,13,0.345,1.07512,20.7,19.96232,6,2,NPK+Disturbance,2,2,pm,3
970,455.79,2/6/24 14:22,15,0.35675,0.69023,20.63,20.37706,6,2,Control,2,2,pm,3
971,454.8,2/6/24 14:24,15,0.36157,0.61015,20.5,20.59772,6,2,Control,2,2,pm,3
972,454.45,2/6/24 14:25,15,0.3632,0.72821,20.3,20.24182,6,2,Control,2,2,pm,3
973,452.58,2/6/24 14:27,12,0.36508,0.6382,20.25667,19.28562,6,2,Disturbance,2,2,pm,3
974,452.53,2/6/24 14:29,12,0.369,0.56371,20.1,18.58505,6,2,Disturbance,2,2,pm,3
975,452.45,2/6/24 14:30,12,0.3699,0.64963,19.88,18.63439,6,2,Disturbance,2,2,pm,3
976,456.33,2/6/24 14:33,16,0.2156,0.89221,19.5,19.3742,6,2,Control,2,2,pm,4
977,456.57,2/6/24 14:34,16,0.29833,0.9301,19.7,19.42913,6,2,Control,2,2,pm,4
978,456.42,2/6/24 14:36,16,0.3018,0.84818,19.7,20.19781,6,2,Control,2,2,pm,4
979,458.74,2/6/24 14:38,17,0.25583,0.99708,19.9,19.18937,6,2,NPK,2,2,pm,4
980,460.16,2/6/24 14:39,17,0.3095,1.06871,20.1,19.23322,6,2,NPK,2,2,pm,4
981,460.19,2/6/24 14:41,17,0.311,1.05096,20.1,19.25059,6,2,NPK,2,2,pm,4
982,454.26,2/6/24 14:43,OC5,0.33055,0.62662,20.1,20.83554,6,2,Outside_treatments,2,2,pm,0
983,455.99,2/6/24 14:44,OC5,0.33253,0.64576,19.64667,21.10127,6,2,Outside_treatments,2,2,pm,0
984,457.31,2/6/24 14:46,OC5,0.3326,0.74876,19.5,21.51735,6,2,Outside_treatments,2,2,pm,0
985,454.32,2/6/24 14:48,10,0.28217,0.57939,19.29333,19.18544,6,2,NPK,2,2,pm,2
986,454.16,2/6/24 14:49,10,0.28653,0.46383,19.00667,19.19718,6,2,NPK,2,2,pm,2
987,454.15,2/6/24 14:51,10,0.2869,0.56824,18.81,18.70669,6,2,NPK,2,2,pm,2
988,454.25,2/6/24 14:54,11,0.2184,0.50232,18.48,18.7848,6,2,NPK,2,2,pm,3
989,455.58,2/6/24 14:55,11,0.36503,0.57433,18.19667,18.745,6,2,NPK,2,2,pm,3
990,454.5,2/6/24 14:56,11,0.367,0.57293,18,18.365,6,2,NPK,2,2,pm,3
991,457.24,2/7/24 14:19,21,0.3494,1.13259,19.54,17.06717,7,2,NPK+Disturbance,2,3,pm,5
992,455.69,2/7/24 14:20,21,0.35022,1.16794,19.21333,16.8813,7,2,NPK+Disturbance,2,3,pm,5
993,456.54,2/7/24 14:22,21,0.35037,1.24379,18.83667,17.00933,7,2,NPK+Disturbance,2,3,pm,5
994,455.99,2/7/24 14:24,OC4,0.24905,0.93676,18.77,18.74895,7,2,Outside_treatments,2,3,pm,0
995,456.2,2/7/24 14:25,OC4,0.29607,0.94002,19.15333,18.5938,7,2,Outside_treatments,2,3,pm,0
996,456.42,2/7/24 14:27,OC4,0.30105,0.97145,19.3,18.69304,7,2,Outside_treatments,2,3,pm,0
997,454.18,2/7/24 14:29,22,0.35865,0.84971,18.92333,17.403,7,2,Control,2,3,pm,5
998,454.68,2/7/24 14:30,22,0.36768,0.86769,18.47333,17.27473,7,2,Control,2,3,pm,5
999,454.59,2/7/24 14:32,22,0.36775,0.86097,18.05,16.97537,7,2,Control,2,3,pm,5
1000,453.37,2/7/24 14:34,23,0.36325,0.83319,17.85,17.39269,7,2,Disturbance,2,3,pm,5
1001,454.36,2/7/24 14:35,23,0.36117,0.8579,18,17.80493,7,2,Disturbance,2,3,pm,5
1002,453.38,2/7/24 14:37,23,0.3614,0.95336,18,17.60473,7,2,Disturbance,2,3,pm,5
1003,453.39,2/7/24 14:39,20,0.3075,0.74261,18.2,17.35079,7,2,Disturbance,2,3,pm,4
1004,453.19,2/7/24 14:40,20,0.37,0.66764,18.45,17.2812,7,2,Disturbance,2,3,pm,4
1005,453.19,2/7/24 14:42,20,0.37,0.65221,18.73667,16.82749,7,2,Disturbance,2,3,pm,4
1006,452.75,2/7/24 14:44,19,0.2815,0.57455,18.80167,17.52098,7,2,NPK,2,3,pm,4
1007,453.17,2/7/24 14:45,19,0.277,0.64791,18.8,17.83406,7,2,NPK,2,3,pm,4
1008,453.38,2/7/24 14:47,19,0.27787,0.72966,18.62667,17.78004,7,2,NPK,2,3,pm,4
1009,457.43,2/7/24 14:49,18,0.15447,1.10994,8.58667,17.65248,7,2,NPK+Disturbance,2,3,pm,4
1010,455.63,2/7/24 14:51,18,0.3328,1.04238,18.4,17.75477,7,2,NPK+Disturbance,2,3,pm,4
1011,456.32,2/7/24 14:52,18,0.332,1.03277,18.2,17.83541,7,2,NPK+Disturbance,2,3,pm,4
1012,454.01,2/7/24 14:55,8,0.34105,0.75238,18,17.18909,7,2,Disturbance,2,3,pm,2
1013,453.61,2/7/24 14:56,8,0.36037,0.76662,18.47333,17.62241,7,2,Disturbance,2,3,pm,2
1014,454.35,2/7/24 14:58,8,0.361,0.78602,18.76,18.08913,7,2,Disturbance,2,3,pm,2
1015,453.63,2/7/24 15:00,9,0.18833,0.57948,18.74667,16.44789,7,2,NPK,2,3,pm,2
1016,455.77,2/7/24 15:02,9,0.19813,0.57402,18.28667,16.34979,7,2,NPK,2,3,pm,2
1017,454.89,2/7/24 15:03,9,0.20202,0.70794,17.995,16.37145,7,2,NPK,2,3,pm,2
1018,460.41,2/7/24 15:05,OC2,0.24318,1.1665,17.55902,17.61551,7,2,Outside_treatments,2,3,pm,0
1019,464.24,2/7/24 15:07,OC2,0.2503,1.07795,17.84333,18.39884,7,2,Outside_treatments,2,3,pm,0
1020,460.4,2/7/24 15:08,OC2,0.24845,1.06971,18.23,18.53875,7,2,Outside_treatments,2,3,pm,0
1021,454.09,2/7/24 15:11,7,0.22083,0.72189,18.4,18.35895,7,2,Control,2,3,pm,2
1022,454.51,2/7/24 15:12,7,0.2579,0.81361,18.6,18.65295,7,2,Control,2,3,pm,2
1023,454.79,2/7/24 15:14,7,0.262,0.84898,18.6,18.76087,7,2,Control,2,3,pm,2
1024,454.04,2/7/24 15:16,6,0.34807,0.70845,18.78667,17.45732,7,2,NPK+Disturbance,2,3,pm,2
1025,454.46,2/7/24 15:17,6,0.35565,0.72194,18.9,17.54475,7,2,NPK+Disturbance,2,3,pm,2
1026,454.57,2/7/24 15:19,6,0.35577,0.79334,18.9,17.57508,7,2,NPK+Disturbance,2,3,pm,2
1027,454.86,2/7/24 15:21,5,0.2975,0.90698,18.95,17.35768,7,2,NPK+Disturbance,2,3,pm,1
1028,455.67,2/7/24 15:23,5,0.30105,0.86769,19.23667,17.68489,7,2,NPK+Disturbance,2,3,pm,1
1029,455.69,2/7/24 15:24,5,0.3032,0.89897,19.3,17.8285,7,2,NPK+Disturbance,2,3,pm,1
1030,452.53,2/7/24 15:26,OC1,0.35215,0.477,19.225,18.71506,7,2,Outside_treatments,2,3,pm,0
1031,452.9,2/7/24 15:28,OC1,0.35357,0.37332,18.57333,19.42725,7,2,Outside_treatments,2,3,pm,0
1032,453.84,2/7/24 15:29,OC1,0.355,0.3967,18.2,19.71024,7,2,Outside_treatments,2,3,pm,0
1033,452.22,2/7/24 15:31,4,0.26742,0.5934,18,19.21614,7,2,Control,2,3,pm,1
1034,452.91,2/7/24 15:32,4,0.273,0.61719,18,19.12267,7,2,Control,2,3,pm,1
1035,452.75,2/7/24 15:34,4,0.27587,0.50184,18,19.11537,7,2,Control,2,3,pm,1
1036,458.44,2/7/24 15:48,3,0.21145,1.18917,17.59,18.77055,7,2,NPK,2,3,pm,1
1037,458.43,2/7/24 15:50,3,0.2148,1.20828,17.99,19.06222,7,2,NPK,2,3,pm,1
1038,458.05,2/7/24 15:51,3,0.21467,1.05836,18.26667,19.03834,7,2,NPK,2,3,pm,1
1040,452.18,2/7/24 15:55,2,0.363,0.52748,17.915,18.05599,7,2,NPK,2,3,pm,1
1041,452.76,2/7/24 15:56,2,0.364,0.44765,17.44333,17.85567,7,2,NPK,2,3,pm,1
1042,452.48,2/7/24 15:59,1,0.24008,0.51236,17.27167,17.25095,7,2,Disturbance,2,3,pm,1
1043,451.96,2/7/24 16:00,1,0.33715,0.45831,17.3,17.1588,7,2,Disturbance,2,3,pm,1
1044,451.9,2/7/24 16:02,1,0.338,0.426,17.24167,17.20352,7,2,Disturbance,2,3,pm,1
1045,453.02,2/7/24 16:04,13,0.201,0.9435,17.2,17.32248,7,2,NPK+Disturbance,2,3,pm,3
1046,453.91,2/7/24 16:05,13,0.27337,0.8568,16.96333,17.23478,7,2,NPK+Disturbance,2,3,pm,3
1047,453.83,2/7/24 16:07,13,0.275,0.91552,16.8,17.15712,7,2,NPK+Disturbance,2,3,pm,3
1048,451.22,2/7/24 16:09,14,0.1848,0.30296,16.7,16.74262,7,2,NPK,2,3,pm,3
1049,451.51,2/7/24 16:10,14,0.23347,0.27658,16.65333,16.41866,7,2,NPK,2,3,pm,3
1050,451.76,2/7/24 16:12,14,0.23633,0.30579,16.5,16.60974,7,2,NPK,2,3,pm,3
1051,451.64,2/7/24 16:14,12,0.36013,0.45285,16.32667,16.76209,7,2,Disturbance,2,3,pm,3
1052,451.49,2/7/24 16:15,12,0.362,0.44936,16.74833,16.83905,7,2,Disturbance,2,3,pm,3
1053,451.79,2/7/24 16:17,12,0.362,0.42622,16.8,16.86193,7,2,Disturbance,2,3,pm,3
1054,452.29,2/7/24 16:19,15,0.2837,0.48793,17.19333,16.83156,7,2,Control,2,3,pm,3
1055,453.17,2/7/24 16:20,15,0.2878,0.38571,17.3,16.99219,7,2,Control,2,3,pm,3
1056,453.16,2/7/24 16:22,15,0.29063,0.37902,17.3,16.9042,7,2,Control,2,3,pm,3
1057,454.69,2/7/24 16:24,16,0.27622,0.69513,17,17.13374,7,2,Control,2,3,pm,4
1058,454.26,2/7/24 16:26,16,0.27953,0.70784,17,17.25258,7,2,Control,2,3,pm,4
1059,454.24,2/7/24 16:27,16,0.2792,0.74097,16.8,17.26135,7,2,Control,2,3,pm,4
1060,452.91,2/7/24 16:29,11,0.3362,0.49379,16.76,15.41601,7,2,NPK,2,3,pm,3
1061,452.81,2/7/24 16:31,11,0.34055,0.3949,16.36,14.82542,7,2,NPK,2,3,pm,3
1062,452.77,2/7/24 16:32,11,0.341,0.43053,16.08667,14.59548,7,2,NPK,2,3,pm,3
1063,453.34,2/7/24 16:35,10,0.17013,0.36593,15.55333,14.72965,7,2,NPK,2,3,pm,2
1064,452.93,2/7/24 16:36,10,0.23715,0.50842,15.37,14.43478,7,2,NPK,2,3,pm,2
1065,453.92,2/7/24 16:38,10,0.23857,0.36648,15.08667,14.44176,7,2,NPK,2,3,pm,2
1066,455.13,2/7/24 16:40,17,0.1236,0.78504,15,14.56249,7,2,NPK,2,3,pm,4
1067,456.09,2/7/24 16:41,17,0.20827,0.77152,14.89333,14.4218,7,2,NPK,2,3,pm,4
1068,457.93,2/7/24 16:42,17,0.21507,0.8962,14.65333,14.35468,7,2,NPK,2,3,pm,4
1069,453.47,2/7/24 16:45,OC5,0.264,0.49875,14.32,14.28586,7,2,Outside_treatments,2,3,pm,0
1070,453.95,2/7/24 16:46,OC5,0.32847,0.52583,14.07667,13.98892,7,2,Outside_treatments,2,3,pm,0
1071,454.02,2/7/24 16:48,OC5,0.33,0.49916,13.86667,13.88045,7,2,Outside_treatments,2,3,pm,0
1072,455.6,2/7/24 16:50,24,0.3348,0.73984,13.8,14.44404,7,2,NPK,2,3,pm,5
1073,456.29,2/7/24 16:52,24,0.33863,0.69166,13.73667,14.39281,7,2,NPK,2,3,pm,5
1074,457.09,2/7/24 16:53,24,0.33913,0.65056,13.68667,14.5261,7,2,NPK,2,3,pm,5
1075,454.53,2/7/24 16:55,25,0.3146,0.68328,13.54,14.85211,7,2,NPK,2,3,pm,5
1076,457.57,2/7/24 16:57,25,0.31885,0.67859,13.885,14.63445,7,2,NPK,2,3,pm,5
1077,459.42,2/7/24 16:58,25,0.32307,0.62524,14.11333,14.54805,7,2,NPK,2,3,pm,5
1078,457.96,2/7/24 17:00,OC3,0.35667,0.69379,14.43333,14.42884,7,2,Outside_treatments,2,3,pm,0
1079,458.45,2/7/24 17:02,OC3,0.3594,0.81684,14.48,14.25174,7,2,Outside_treatments,2,3,pm,0
1080,456.4,2/7/24 17:03,OC3,0.36,0.76439,14.39667,14.15322,7,2,Outside_treatments,2,3,pm,0